id_bdq,foco_id,lat,lon,data_pas,pais,estado,municipio,bioma
 1666951466 ,45850e3a-347f-349e-8e55-a8bbb2bd688d,   -5.170320 ,  -36.915600 ,2024-01-08 16:22:00,Brasil,RIO GRANDE DO NORTE,CARNAUBAIS,Caatinga
 1666951467 ,63facc30-ae06-3f92-a39e-dd0abb5c028e,   -5.235130 ,  -35.617760 ,2024-01-08 16:22:00,Brasil,RIO GRANDE DO NORTE,TOUROS,Caatinga
 1666951473 ,f7e231ca-0ae7-31a8-9168-723986ccf837,   -5.991490 ,  -37.101210 ,2024-01-08 16:22:00,Brasil,RIO GRANDE DO NORTE,JUCURUTU,Caatinga
 1666951476 ,540f5b5d-7e1b-35d6-bfb5-6fb9bc370a1f,   -6.267040 ,  -38.550620 ,2024-01-08 16:22:00,Brasil,RIO GRANDE DO NORTE,SÃO MIGUEL,Caatinga
 1667095890 ,677501e3-ba62-3c91-8a59-06bf73796778,   -5.931650 ,  -38.002820 ,2024-01-09 17:02:00,Brasil,RIO GRANDE DO NORTE,RIACHO DA CRUZ,Caatinga
 1667095891 ,0571e02e-61c8-3962-bdfa-172ea969a1d0,   -5.928180 ,  -37.981690 ,2024-01-09 17:02:00,Brasil,RIO GRANDE DO NORTE,RIACHO DA CRUZ,Caatinga
 1667095892 ,5a732452-55fa-33a1-852a-7b5c03fced1a,   -5.920070 ,  -37.988110 ,2024-01-09 17:02:00,Brasil,RIO GRANDE DO NORTE,RIACHO DA CRUZ,Caatinga
 1667228444 ,3166efc8-8e7a-3af0-8842-1023e3e60c74,   -5.235340 ,  -35.663690 ,2024-01-10 16:05:00,Brasil,RIO GRANDE DO NORTE,TOUROS,Caatinga
 1667228445 ,4a7e8ba6-2759-3aa8-938a-e984dd2bc503,   -5.233210 ,  -35.648380 ,2024-01-10 16:05:00,Brasil,RIO GRANDE DO NORTE,TOUROS,Caatinga
 1667228462 ,95d57860-6aba-3abe-be36-3d12dfae6638,   -6.351040 ,  -35.274690 ,2024-01-10 16:05:00,Brasil,RIO GRANDE DO NORTE,ESPÍRITO SANTO,Mata Atlântica
 1667228463 ,256cfa13-e476-3224-8d80-1a91af5b1666,   -5.364430 ,  -35.696200 ,2024-01-10 16:05:00,Brasil,RIO GRANDE DO NORTE,TOUROS,Caatinga
 1667228464 ,4be61a43-efda-3bef-8616-76e00ed91f97,   -5.362360 ,  -35.680750 ,2024-01-10 16:05:00,Brasil,RIO GRANDE DO NORTE,PUREZA,Caatinga
 1667228465 ,5028b746-00f9-3fbf-8338-2a22f213755e,   -5.354430 ,  -35.686960 ,2024-01-10 16:05:00,Brasil,RIO GRANDE DO NORTE,TOUROS,Caatinga
 1667931821 ,f1ce58b7-6934-3a55-a90c-1db4b8ac5031,   -6.427210 ,  -35.146900 ,2024-01-15 16:15:00,Brasil,RIO GRANDE DO NORTE,CANGUARETAMA,Mata Atlântica
 1667931822 ,01879bd7-f976-3a11-ac1c-316df447c67b,   -6.425780 ,  -35.136760 ,2024-01-15 16:15:00,Brasil,RIO GRANDE DO NORTE,CANGUARETAMA,Mata Atlântica
 1667931823 ,59f9adee-cb86-375f-888a-f6c5cf510267,   -6.361310 ,  -35.266470 ,2024-01-15 16:15:00,Brasil,RIO GRANDE DO NORTE,GOIANINHA,Mata Atlântica
 1667931824 ,7508d251-f87a-3c4e-88d2-91b9738617d4,   -6.353260 ,  -35.278190 ,2024-01-15 16:15:00,Brasil,RIO GRANDE DO NORTE,ESPÍRITO SANTO,Mata Atlântica
 1667931825 ,1340f19f-bd3c-35ec-b5c5-0c8d55a809f3,   -5.971990 ,  -38.061540 ,2024-01-15 16:17:00,Brasil,RIO GRANDE DO NORTE,TABOLEIRO GRANDE,Caatinga
 1668383603 ,525230d1-6391-3b6f-a5b4-ddaa959463bf,   -6.242160 ,  -37.793460 ,2024-01-18 16:41:00,Brasil,RIO GRANDE DO NORTE,ANTÔNIO MARTINS,Caatinga
 1668383641 ,54e0492e-0dbf-30e8-95d4-634010941b46,   -5.306420 ,  -36.127370 ,2024-01-18 16:41:00,Brasil,RIO GRANDE DO NORTE,JANDAÍRA,Caatinga
 1668690344 ,9ebb30dc-b758-30e6-97c9-08ef0e3f5105,   -6.360430 ,  -35.272720 ,2024-01-20 16:26:00,Brasil,RIO GRANDE DO NORTE,ESPÍRITO SANTO,Mata Atlântica
 1668690346 ,213eb843-005a-334b-82c1-16f17794f790,   -6.081920 ,  -38.422320 ,2024-01-20 16:26:00,Brasil,RIO GRANDE DO NORTE,DOUTOR SEVERIANO,Caatinga
 1668690349 ,969257e9-29c9-38c6-b2a7-0aac66cd2bd0,   -6.013460 ,  -37.662620 ,2024-01-20 16:26:00,Brasil,RIO GRANDE DO NORTE,PATU,Caatinga
 1668690350 ,50230b82-a714-337a-9e10-016f8ce02dc1,   -6.012030 ,  -37.652660 ,2024-01-20 16:26:00,Brasil,RIO GRANDE DO NORTE,PATU,Caatinga
 1668690351 ,9955dd41-9d04-3dd4-bbd8-7f160c567d06,   -5.963160 ,  -37.882490 ,2024-01-20 16:26:00,Brasil,RIO GRANDE DO NORTE,UMARIZAL,Caatinga
 1668690360 ,6a4bd5ed-5cda-33bd-b782-ef5f3dae07b9,   -5.312550 ,  -35.609610 ,2024-01-20 16:26:00,Brasil,RIO GRANDE DO NORTE,TOUROS,Caatinga
 1668690361 ,9be59fd7-732f-3b55-b8ef-4ec6b8eaeea4,   -5.311260 ,  -35.600730 ,2024-01-20 16:26:00,Brasil,RIO GRANDE DO NORTE,TOUROS,Caatinga
 1668690364 ,da7842ea-e556-39f1-b3b6-f4553d1537ca,   -5.231050 ,  -37.541590 ,2024-01-20 16:26:00,Brasil,RIO GRANDE DO NORTE,MOSSORÓ,Caatinga
 1669358462 ,1043049b-b173-31c9-a17e-cfc90109689d,   -5.469700 ,  -37.097650 ,2024-01-25 16:37:00,Brasil,RIO GRANDE DO NORTE,AÇU,Caatinga
 1669358463 ,7183dec2-439e-389f-808b-b54da6aa4eb4,   -5.468360 ,  -37.088500 ,2024-01-25 16:37:00,Brasil,RIO GRANDE DO NORTE,AÇU,Caatinga
 1669643297 ,a5bd5d86-590a-33f9-9e54-74c00292be44,   -5.449830 ,  -35.395820 ,2024-01-27 16:20:00,Brasil,RIO GRANDE DO NORTE,MAXARANGUAPE,Mata Atlântica
 1669643324 ,dd2070cf-5280-3cec-9dbe-5bb483cb25a9,   -5.729290 ,  -35.681630 ,2024-01-27 16:20:00,Brasil,RIO GRANDE DO NORTE,SANTA MARIA,Caatinga
 1669643327 ,42ea9756-e194-319b-8ebb-127d027f61ec,   -6.297130 ,  -35.592280 ,2024-01-27 16:20:00,Brasil,RIO GRANDE DO NORTE,SERRINHA,Caatinga
 1669643328 ,e3e7a0a3-a539-342f-8196-59f32ca5c1d6,   -5.740550 ,  -35.564230 ,2024-01-27 16:20:00,Brasil,RIO GRANDE DO NORTE,IELMO MARINHO,Caatinga
 1666322219 ,784df007-fa49-38b9-b914-7ef6520e8575,   -6.380710 ,  -37.051720 ,2024-01-03 16:09:00,Brasil,RIO GRANDE DO NORTE,CAICÓ,Caatinga
 1666662549 ,c3cd866e-8d6a-306f-ad39-6ee969754e13,   -5.385850 ,  -37.342430 ,2024-01-06 16:37:00,Brasil,RIO GRANDE DO NORTE,GOVERNADOR DIX-SEPT ROSADO,Caatinga
 1670855457 ,18fc3c17-0142-3670-ac59-93843453247d,   -5.008010 ,  -37.471220 ,2024-01-30 16:47:00,Brasil,RIO GRANDE DO NORTE,MOSSORÓ,Caatinga
 1670855619 ,f8435606-bed0-36b7-a0a4-6543e7d26844,   -6.156970 ,  -38.357240 ,2024-01-30 16:47:00,Brasil,RIO GRANDE DO NORTE,ENCANTO,Caatinga
 1670855672 ,4f4931ef-1531-3501-861c-982dc57db577,   -5.009690 ,  -37.482660 ,2024-01-30 16:47:00,Brasil,RIO GRANDE DO NORTE,MOSSORÓ,Caatinga
 1670855674 ,2fa3f173-213c-3657-a49b-e610ed2232d9,   -5.009150 ,  -37.475960 ,2024-01-30 16:47:00,Brasil,RIO GRANDE DO NORTE,MOSSORÓ,Caatinga
 1671953152 ,af52dc81-31f6-38f2-a948-b9375cd4a124,   -6.291030 ,  -35.594390 ,2024-02-01 16:30:00,Brasil,RIO GRANDE DO NORTE,SERRINHA,Caatinga
 1671953155 ,0ecf583b-eda0-31fd-858a-a35702066bdb,   -5.778660 ,  -35.551930 ,2024-02-01 16:30:00,Brasil,RIO GRANDE DO NORTE,IELMO MARINHO,Caatinga
 1671953157 ,47f39220-72f9-37b9-b946-17da3abdbf7e,   -5.472360 ,  -35.789560 ,2024-02-01 16:32:00,Brasil,RIO GRANDE DO NORTE,JOÃO CÂMARA,Caatinga
 1671953158 ,9700f567-19b7-3926-9eae-abd6666438a9,   -5.471030 ,  -35.780480 ,2024-02-01 16:32:00,Brasil,RIO GRANDE DO NORTE,JOÃO CÂMARA,Caatinga
 1671953159 ,8e8d6621-e97c-3515-abe2-1d37c38a10af,   -5.463380 ,  -35.790890 ,2024-02-01 16:32:00,Brasil,RIO GRANDE DO NORTE,JOÃO CÂMARA,Caatinga
 1671953160 ,f54a4db7-84c4-32ab-890b-9e25e39ce014,   -5.462060 ,  -35.781830 ,2024-02-01 16:32:00,Brasil,RIO GRANDE DO NORTE,JOÃO CÂMARA,Caatinga
 1671953164 ,7d60e103-c834-30b4-bd5f-1ac5104ec571,   -4.981870 ,  -37.553150 ,2024-02-01 16:32:00,Brasil,RIO GRANDE DO NORTE,BARAÚNA,Caatinga
 1672687711 ,f16a0d8c-7e48-3eaa-bb9e-8a052635e149,   -4.933520 ,  -37.437350 ,2024-02-05 16:00:00,Brasil,RIO GRANDE DO NORTE,MOSSORÓ,Caatinga
 1672900128 ,462799e2-3a68-37e1-84cb-c5aaf7bb054a,   -6.656340 ,  -37.346760 ,2024-02-06 16:39:00,Brasil,RIO GRANDE DO NORTE,SERRA NEGRA DO NORTE,Caatinga
 1672900132 ,d8b331ae-4a86-3677-b1fa-e8a6123f5756,   -6.148700 ,  -38.343610 ,2024-02-06 16:39:00,Brasil,RIO GRANDE DO NORTE,ENCANTO,Caatinga
 1672900133 ,95d7ef32-8cd3-3b6d-97f3-ae77149fae1d,   -5.968440 ,  -36.940980 ,2024-02-06 16:39:00,Brasil,RIO GRANDE DO NORTE,JUCURUTU,Caatinga
 1672900134 ,7f21512d-1727-3106-8bbc-73a38299dbae,   -5.732780 ,  -37.582350 ,2024-02-06 16:39:00,Brasil,RIO GRANDE DO NORTE,CARAÚBAS,Caatinga
 1672900141 ,f3b51fbb-2fe6-3c74-9c2b-06e66c13dbf3,   -5.055790 ,  -37.425090 ,2024-02-06 16:41:00,Brasil,RIO GRANDE DO NORTE,MOSSORÓ,Caatinga
 1673622394 ,0ad55891-9c35-3206-92b2-57d13b2f4658,   -5.484920 ,  -35.539570 ,2024-02-10 16:09:00,Brasil,RIO GRANDE DO NORTE,PUREZA,Caatinga
 1677880736 ,850ea404-41a9-3365-b9cf-2cc1713490ff,   -5.473500 ,  -37.690010 ,2024-03-10 16:26:00,Brasil,RIO GRANDE DO NORTE,APODI,Caatinga
 1677880737 ,a8afa838-733b-33ce-a8f4-c9990fc2fe4d,   -5.403950 ,  -37.639480 ,2024-03-10 16:26:00,Brasil,RIO GRANDE DO NORTE,GOVERNADOR DIX-SEPT ROSADO,Caatinga
 1678201348 ,f12324a4-758a-3462-b714-21a8fb3e1017,   -4.941570 ,  -36.986650 ,2024-03-12 16:09:00,Brasil,RIO GRANDE DO NORTE,AREIA BRANCA,Caatinga
 1678201395 ,a802628b-a5a2-3818-8da2-311c80ebaa1d,   -5.722010 ,  -35.433880 ,2024-03-12 16:09:00,Brasil,RIO GRANDE DO NORTE,CEARÁ-MIRIM,Caatinga
 1679100328 ,e828a8b5-918d-3c04-bffb-e0c58ad3b66f,   -5.473620 ,  -37.697380 ,2024-03-17 16:20:00,Brasil,RIO GRANDE DO NORTE,APODI,Caatinga
 1679503011 ,9db20eb6-f162-35aa-9b1b-65008ecabef0,   -6.338730 ,  -37.917580 ,2024-03-20 16:43:00,Brasil,RIO GRANDE DO NORTE,ALEXANDRIA,Caatinga
 1679603487 ,5724376c-7506-3ff1-923c-dcc5656edc93,   -5.192650 ,  -35.547160 ,2024-03-21 15:46:00,Brasil,RIO GRANDE DO NORTE,TOUROS,Caatinga
 1679603488 ,299387ac-b44a-3136-a706-905b74d8e17c,   -5.187060 ,  -35.513520 ,2024-03-21 15:46:00,Brasil,RIO GRANDE DO NORTE,TOUROS,Mata Atlântica
 1679691445 ,884ef8d8-bd6e-34da-a3c5-3f97f8a44d1e,   -5.260130 ,  -37.440180 ,2024-03-22 16:28:00,Brasil,RIO GRANDE DO NORTE,MOSSORÓ,Caatinga
 1681765766 ,58691195-79cd-386e-826c-5726271baed3,   -5.157680 ,  -35.556820 ,2024-04-05 16:13:00,Brasil,RIO GRANDE DO NORTE,TOUROS,Caatinga
 1673315117 ,57d7195c-3a6a-3425-a0cb-c11f40b3be6e,   -5.651950 ,  -35.711070 ,2024-02-08 16:24:00,Brasil,RIO GRANDE DO NORTE,BENTO FERNANDES,Caatinga
 1683497432 ,359d1071-e7b7-3b7d-b596-c3160d3d1e86,   -6.328550 ,  -37.921460 ,2024-04-15 16:33:00,Brasil,RIO GRANDE DO NORTE,ALEXANDRIA,Caatinga
 1683497433 ,ae9e5873-f1fd-3748-931f-7248babd2d15,   -6.194150 ,  -35.561290 ,2024-04-15 16:33:00,Brasil,RIO GRANDE DO NORTE,JANUÁRIO CICCO,Caatinga
 1683497434 ,44f22408-a2a8-3218-948f-c0a781478cb2,   -5.160400 ,  -35.555130 ,2024-04-15 16:33:00,Brasil,RIO GRANDE DO NORTE,TOUROS,Caatinga
 1687192116 ,c4ad8bbc-c372-36aa-865c-b2dc63d72222,   -5.731070 ,  -35.439640 ,2024-05-08 15:52:00,Brasil,RIO GRANDE DO NORTE,CEARÁ-MIRIM,Caatinga
 1689132348 ,47953a2a-0783-3daf-9ca7-93020d9899d8,   -6.324000 ,  -35.657720 ,2024-05-21 16:33:00,Brasil,RIO GRANDE DO NORTE,LAGOA D'ANTA,Caatinga
 1689132349 ,95e15503-3db7-369c-84de-e1f470ac23b1,   -6.322710 ,  -35.648730 ,2024-05-21 16:33:00,Brasil,RIO GRANDE DO NORTE,SÃO JOSÉ DO CAMPESTRE,Caatinga
 1687341780 ,0f55f951-5249-37fe-90db-53114e0f19f6,   -5.703780 ,  -35.346200 ,2024-05-09 16:33:00,Brasil,RIO GRANDE DO NORTE,CEARÁ-MIRIM,Caatinga
 1687341785 ,4a2d72ae-e910-327f-9e48-07a2e6321087,   -5.151330 ,  -35.552460 ,2024-05-09 16:35:00,Brasil,RIO GRANDE DO NORTE,TOUROS,Caatinga
 1687341790 ,9733fdd6-6bf6-3497-b149-ce11ac2c5b16,   -5.152620 ,  -35.561310 ,2024-05-09 16:35:00,Brasil,RIO GRANDE DO NORTE,TOUROS,Caatinga
 1687862829 ,8d3b6ca3-4222-307a-bf40-b7beb363badc,   -5.718860 ,  -35.455730 ,2024-05-13 15:58:00,Brasil,RIO GRANDE DO NORTE,CEARÁ-MIRIM,Caatinga
 1692301639 ,ee70a349-4544-3bd2-aff4-1b6e0a98da6a,   -5.293740 ,  -35.989600 ,2024-06-12 16:45:00,Brasil,RIO GRANDE DO NORTE,PARAZINHO,Caatinga
 1696168694 ,17b0c1af-d29c-3126-a7d3-9ebafd9cfc1c,   -5.523520 ,  -35.323810 ,2024-07-01 16:35:00,Brasil,RIO GRANDE DO NORTE,CEARÁ-MIRIM,Mata Atlântica
 1697944369 ,52d9cfcc-f685-3c78-ab5e-aba5e92a368e,   -5.564710 ,  -37.733700 ,2024-07-08 16:24:00,Brasil,RIO GRANDE DO NORTE,FELIPE GUERRA,Caatinga
 1699929133 ,002f2861-9d49-314b-803a-fddb653418e1,   -5.559460 ,  -37.921510 ,2024-07-16 16:54:00,Brasil,RIO GRANDE DO NORTE,APODI,Caatinga
 1699929134 ,8f42807e-84f7-3c58-b7ca-3ef8def4b186,   -5.545280 ,  -37.953090 ,2024-07-16 16:54:00,Brasil,RIO GRANDE DO NORTE,APODI,Caatinga
 1699929135 ,471f69ec-b651-308e-b27b-82003006edf5,   -5.543870 ,  -37.943470 ,2024-07-16 16:54:00,Brasil,RIO GRANDE DO NORTE,APODI,Caatinga
 1699929138 ,9900cd36-9640-3ff2-b62d-e5b832b9b3ee,   -5.534670 ,  -37.944900 ,2024-07-16 16:54:00,Brasil,RIO GRANDE DO NORTE,APODI,Caatinga
 1700789448 ,7ac5b3e4-2b5e-333d-863c-91adf85c073c,   -5.548860 ,  -37.955950 ,2024-07-19 17:17:00,Brasil,RIO GRANDE DO NORTE,APODI,Caatinga
 1700789449 ,e710e940-63b1-32c2-a383-f308f77bc863,   -5.544100 ,  -37.964470 ,2024-07-19 17:17:00,Brasil,RIO GRANDE DO NORTE,APODI,Caatinga
 1700789450 ,5b7063bb-60e2-3d94-8765-c552ba3d4da1,   -5.540190 ,  -37.939690 ,2024-07-19 17:17:00,Brasil,RIO GRANDE DO NORTE,APODI,Caatinga
 1701942719 ,ea3e10c8-37d5-3167-813f-4802808cf35e,   -5.905860 ,  -37.715000 ,2024-07-23 16:43:00,Brasil,RIO GRANDE DO NORTE,CARAÚBAS,Caatinga
 1703422198 ,df2dc3f9-9cf9-3e50-bd58-ba228c6930af,   -6.179350 ,  -37.754350 ,2024-07-28 16:50:00,Brasil,RIO GRANDE DO NORTE,ALMINO AFONSO,Caatinga
 1703422199 ,95ded4d0-defa-3176-b1e8-e1f5ff26536e,   -6.178040 ,  -37.745400 ,2024-07-28 16:50:00,Brasil,RIO GRANDE DO NORTE,ALMINO AFONSO,Caatinga
 1703873288 ,a4352a56-84be-3296-8ed0-7d97ed9f7375,   -6.533030 ,  -37.454470 ,2024-07-30 16:35:00,Brasil,RIO GRANDE DO NORTE,SERRA NEGRA DO NORTE,Caatinga
 1703873289 ,6f4d244d-e6b2-3fc7-89df-41ab7acfd8ed,   -6.069510 ,  -36.697420 ,2024-07-30 16:35:00,Brasil,RIO GRANDE DO NORTE,SANTANA DO MATOS,Caatinga
 1703873290 ,c1166b2d-565b-38a1-9198-1500715cac37,   -6.068030 ,  -36.686890 ,2024-07-30 16:35:00,Brasil,RIO GRANDE DO NORTE,SANTANA DO MATOS,Caatinga
 1704078257 ,8fdb27f5-613f-327f-9385-fa94ddcc2e28,   -6.113640 ,  -37.785920 ,2024-07-31 17:13:00,Brasil,RIO GRANDE DO NORTE,ALMINO AFONSO,Caatinga
 1704078258 ,cc0a7b91-06a8-383d-ad24-eecda04319d9,   -6.110410 ,  -37.765900 ,2024-07-31 17:13:00,Brasil,RIO GRANDE DO NORTE,ALMINO AFONSO,Caatinga
 1704702472 ,766450d9-e6b3-3b60-9834-5658ebd53cf6,   -6.462980 ,  -38.196990 ,2024-08-02 16:56:00,Brasil,RIO GRANDE DO NORTE,TENENTE ANANIAS,Caatinga
 1704702473 ,9838e413-960f-3331-b391-2ea0e47a9f19,   -6.114080 ,  -38.332410 ,2024-08-02 16:56:00,Brasil,RIO GRANDE DO NORTE,ENCANTO,Caatinga
 1704702474 ,9235b3a4-4116-38aa-a2fd-dcecd8d080d2,   -6.052400 ,  -37.496780 ,2024-08-02 16:56:00,Brasil,RIO GRANDE DO NORTE,JANDUÍS,Caatinga
 1705065000 ,31c386b4-c5bc-3a56-9834-fd5c34a6ab8c,   -6.353020 ,  -35.186820 ,2024-08-03 15:58:00,Brasil,RIO GRANDE DO NORTE,GOIANINHA,Mata Atlântica
 1705065001 ,71f9cf79-68a8-3f16-b940-2cffcf0c8cf5,   -6.357180 ,  -35.181900 ,2024-08-03 15:58:00,Brasil,RIO GRANDE DO NORTE,GOIANINHA,Mata Atlântica
 1706107698 ,91de469b-4796-373b-82d2-b216dcacf454,   -6.370200 ,  -36.215190 ,2024-08-06 16:22:00,Brasil,RIO GRANDE DO NORTE,CORONEL EZEQUIEL,Caatinga
 1706107699 ,5360b0e6-9c17-3638-ae9b-4d8eadf66bb7,   -5.558320 ,  -37.922120 ,2024-08-06 16:24:00,Brasil,RIO GRANDE DO NORTE,APODI,Caatinga
 1706107700 ,3e1d588c-c689-3f57-98e8-2215f715d934,   -5.556100 ,  -37.917480 ,2024-08-06 16:24:00,Brasil,RIO GRANDE DO NORTE,APODI,Caatinga
 1706541949 ,edcd44b3-bd98-33d1-9e6a-2d00ed9614cd,   -6.117570 ,  -37.773110 ,2024-08-07 17:05:00,Brasil,RIO GRANDE DO NORTE,ALMINO AFONSO,Caatinga
 1708837741 ,aa4d40c4-66a3-3e43-b1aa-d6112da33a09,   -4.930660 ,  -37.338740 ,2024-08-12 17:09:00,Brasil,RIO GRANDE DO NORTE,TIBAU,Caatinga
 1710489434 ,baaaaa7d-d671-3694-b387-4963a0fbc354,   -6.052460 ,  -35.740840 ,2024-08-16 16:35:00,Brasil,RIO GRANDE DO NORTE,SENADOR ELÓI DE SOUZA,Caatinga
 1710489435 ,eea8425d-d2e1-3a5b-8309-bc0c8b147251,   -6.026810 ,  -37.684280 ,2024-08-16 16:35:00,Brasil,RIO GRANDE DO NORTE,OLHO D'ÁGUA DO BORGES,Caatinga
 1710489439 ,7938b504-6713-38a7-937c-8b1473d222a6,   -5.114960 ,  -37.670570 ,2024-08-16 16:35:00,Brasil,RIO GRANDE DO NORTE,BARAÚNA,Caatinga
 1710489440 ,c5e29804-a5ce-3d98-801f-eee081d7fcb7,   -5.096630 ,  -37.389210 ,2024-08-16 16:35:00,Brasil,RIO GRANDE DO NORTE,MOSSORÓ,Caatinga
 1712606928 ,645590a5-0a45-38d7-a8c3-ba605db62d0b,   -6.152560 ,  -35.420130 ,2024-08-21 16:41:00,Brasil,RIO GRANDE DO NORTE,LAGOA DE PEDRAS,Caatinga
 1712606935 ,4594809a-b2de-3556-af5e-d31296025954,   -5.416250 ,  -36.765650 ,2024-08-21 16:41:00,Brasil,RIO GRANDE DO NORTE,AFONSO BEZERRA,Caatinga
 1712606936 ,4ba594f1-2812-3f53-901c-348557d18e5e,   -5.414930 ,  -36.756530 ,2024-08-21 16:41:00,Brasil,RIO GRANDE DO NORTE,AFONSO BEZERRA,Caatinga
 1713015445 ,0bfcbd14-d472-3675-80ab-a8239df1b860,   -5.092800 ,  -37.725690 ,2024-08-22 17:22:00,Brasil,RIO GRANDE DO NORTE,BARAÚNA,Caatinga
 1714422218 ,39b675de-1a07-34b5-900d-ae7f06d49db9,   -5.577100 ,  -37.769580 ,2024-08-26 16:48:00,Brasil,RIO GRANDE DO NORTE,APODI,Caatinga
 1714422219 ,c3df3a8d-cd67-39e6-a6c6-b97f0085bc16,   -5.500110 ,  -37.488770 ,2024-08-26 16:48:00,Brasil,RIO GRANDE DO NORTE,GOVERNADOR DIX-SEPT ROSADO,Caatinga
 1714422222 ,db008b96-d7e4-35c2-99ee-554c3c142b6f,   -5.295120 ,  -37.096710 ,2024-08-26 16:48:00,Brasil,RIO GRANDE DO NORTE,AÇU,Caatinga
 1714422223 ,88b61393-d454-3f31-98b9-fe3b223d7e14,   -5.293840 ,  -37.087870 ,2024-08-26 16:48:00,Brasil,RIO GRANDE DO NORTE,AÇU,Caatinga
 1716321310 ,b13915e2-0335-3c9d-a143-805daf884a25,   -5.094850 ,  -37.622480 ,2024-08-31 16:52:00,Brasil,RIO GRANDE DO NORTE,BARAÚNA,Caatinga
 1716321314 ,8c576fd2-3fbd-3183-a4f3-c832c2f24574,   -5.919920 ,  -38.096960 ,2024-08-31 16:52:00,Brasil,RIO GRANDE DO NORTE,TABOLEIRO GRANDE,Caatinga
 1716321316 ,1b1c0ee2-789c-3ccb-9441-b3d1496e2e69,   -5.236450 ,  -37.330270 ,2024-08-31 16:52:00,Brasil,RIO GRANDE DO NORTE,MOSSORÓ,Caatinga
 1716321317 ,0c59f941-1174-3dd8-a02d-e7c315568676,   -5.180440 ,  -37.456610 ,2024-08-31 16:52:00,Brasil,RIO GRANDE DO NORTE,MOSSORÓ,Caatinga
 1716896772 ,bb454ea3-6753-35d4-9622-4674e27a78f2,   -6.468140 ,  -38.252140 ,2024-09-02 16:35:00,Brasil,RIO GRANDE DO NORTE,PARANÁ,Caatinga
 1716896773 ,025d80bb-468e-383a-a1f7-193d27e00858,   -6.467010 ,  -38.258910 ,2024-09-02 16:35:00,Brasil,RIO GRANDE DO NORTE,PARANÁ,Caatinga
 1716896774 ,4b3b57a9-3f79-3242-b46e-7b1c4248a2d7,   -6.464980 ,  -38.244560 ,2024-09-02 16:35:00,Brasil,RIO GRANDE DO NORTE,PARANÁ,Caatinga
 1716896776 ,943361f8-f162-3f5b-98f9-5a66cffc3989,   -5.621120 ,  -37.939000 ,2024-09-02 16:35:00,Brasil,RIO GRANDE DO NORTE,APODI,Caatinga
 1716896777 ,a85d26c7-4c86-3e17-b31b-9d1df5c35d16,   -5.619320 ,  -37.925920 ,2024-09-02 16:35:00,Brasil,RIO GRANDE DO NORTE,APODI,Caatinga
 1716896778 ,5d23847b-631f-34dc-9269-d79964211a90,   -5.610450 ,  -37.940450 ,2024-09-02 16:35:00,Brasil,RIO GRANDE DO NORTE,APODI,Caatinga
 1716896779 ,9d544fc8-60c7-39de-a15b-2033b35a91eb,   -5.165610 ,  -37.453400 ,2024-09-02 16:35:00,Brasil,RIO GRANDE DO NORTE,MOSSORÓ,Caatinga
 1716896780 ,e38eb807-ba78-38cc-905a-afeec1952fbb,   -5.163980 ,  -37.441560 ,2024-09-02 16:35:00,Brasil,RIO GRANDE DO NORTE,MOSSORÓ,Caatinga
 1717354497 ,dc64aec1-59ef-3e6d-93fb-54d1a80d6938,   -5.909630 ,  -38.099790 ,2024-09-03 17:15:00,Brasil,RIO GRANDE DO NORTE,RODOLFO FERNANDES,Caatinga
 1719637422 ,68fc3d83-4444-3873-b37b-9d40eebf5b2f,   -5.493650 ,  -37.718070 ,2024-09-09 16:22:00,Brasil,RIO GRANDE DO NORTE,APODI,Caatinga
 1720028178 ,4df6bf4f-a0ea-3a2e-af1c-250c044565fb,   -5.469080 ,  -37.741710 ,2024-09-10 17:02:00,Brasil,RIO GRANDE DO NORTE,APODI,Caatinga
 1720028179 ,3d371941-b64c-30a5-b5ee-c0776d528d19,   -5.467390 ,  -37.730500 ,2024-09-10 17:02:00,Brasil,RIO GRANDE DO NORTE,APODI,Caatinga
 1717724796 ,c151265a-f7bc-350a-91bb-724a018b870a,   -6.009270 ,  -35.327640 ,2024-09-04 16:18:00,Brasil,RIO GRANDE DO NORTE,SÃO JOSÉ DE MIPIBU,Caatinga
 1717724797 ,38130da0-6ac8-3975-bd01-91819a8e124f,   -5.999530 ,  -35.322200 ,2024-09-04 16:18:00,Brasil,RIO GRANDE DO NORTE,SÃO JOSÉ DE MIPIBU,Caatinga
 1718083477 ,35f1b813-fe4a-3346-8d64-bbd699392862,   -5.196590 ,  -37.670560 ,2024-09-05 16:56:00,Brasil,RIO GRANDE DO NORTE,BARAÚNA,Caatinga
 1718083478 ,42403da9-9325-33bc-bb93-de84b38f8ba3,   -5.149610 ,  -37.737650 ,2024-09-05 16:56:00,Brasil,RIO GRANDE DO NORTE,BARAÚNA,Caatinga
 1705360692 ,5b030b19-6bd8-3625-b941-b043d2737718,   -5.646820 ,  -37.269920 ,2024-08-04 16:39:00,Brasil,RIO GRANDE DO NORTE,UPANEMA,Caatinga
 1700434627 ,4e40ee69-fec8-3796-8d28-271f70bcd6eb,   -5.541670 ,  -37.943340 ,2024-07-18 16:37:00,Brasil,RIO GRANDE DO NORTE,APODI,Caatinga
 1720856357 ,ee71dc04-5727-347b-ad2b-ecbefd2706f3,   -5.501690 ,  -37.736640 ,2024-09-12 16:45:00,Brasil,RIO GRANDE DO NORTE,APODI,Caatinga
 1720856358 ,3f6e1885-2884-3a16-bd00-0488ab81f5dc,   -5.500340 ,  -37.727290 ,2024-09-12 16:45:00,Brasil,RIO GRANDE DO NORTE,APODI,Caatinga
 1720856359 ,3dadc4ac-ca5f-37e2-8230-e3d668b33f70,   -5.492590 ,  -37.737960 ,2024-09-12 16:45:00,Brasil,RIO GRANDE DO NORTE,APODI,Caatinga
 1721996089 ,44890ee5-bf30-3333-a585-c29e0fcf6f52,   -4.975360 ,  -36.898950 ,2024-09-15 17:07:00,Brasil,RIO GRANDE DO NORTE,PORTO DO MANGUE,Caatinga
 1721996092 ,bcfb60f6-7506-36cb-afec-1a10b39cf582,   -5.503900 ,  -37.734970 ,2024-09-15 17:07:00,Brasil,RIO GRANDE DO NORTE,APODI,Caatinga
 1721996093 ,dc5d0622-cb25-36cb-afb1-eaa6d3aea563,   -5.499340 ,  -37.742420 ,2024-09-15 17:07:00,Brasil,RIO GRANDE DO NORTE,APODI,Caatinga
 1722639774 ,c40ebab8-866b-3593-be4f-eca27be6a7d7,   -5.507930 ,  -37.730250 ,2024-09-17 16:50:00,Brasil,RIO GRANDE DO NORTE,APODI,Caatinga
 1722639785 ,e6e5dd81-14cf-3a0e-8695-2dc353edf894,   -5.717460 ,  -36.512770 ,2024-09-17 16:50:00,Brasil,RIO GRANDE DO NORTE,FERNANDO PEDROZA,Caatinga
 1722639787 ,7333146b-3a76-3a66-996c-cee089edfe8d,   -5.726400 ,  -36.511440 ,2024-09-17 16:50:00,Brasil,RIO GRANDE DO NORTE,FERNANDO PEDROZA,Caatinga
 1722639788 ,d54580cc-3b70-394d-a36b-d3a11d4ecf7c,   -5.727730 ,  -36.520480 ,2024-09-17 16:50:00,Brasil,RIO GRANDE DO NORTE,FERNANDO PEDROZA,Caatinga
 1722639792 ,6ce3bf5c-1311-3731-8b4a-f937786d057b,   -5.962780 ,  -36.866540 ,2024-09-17 16:50:00,Brasil,RIO GRANDE DO NORTE,SANTANA DO MATOS,Caatinga
 1723527438 ,b8123a9f-1bec-3a44-9c11-f3d2f8fb2d2d,   -6.324140 ,  -38.494570 ,2024-09-20 17:11:00,Brasil,RIO GRANDE DO NORTE,VENHA-VER,Caatinga
 1723527439 ,fa2eb6ac-10b9-3ca2-b2f8-348aa2a904e9,   -6.326170 ,  -38.508060 ,2024-09-20 17:11:00,Brasil,RIO GRANDE DO NORTE,VENHA-VER,Caatinga
 1723527440 ,8128698c-6da1-3703-9bf7-529fc27e46a9,   -6.317040 ,  -38.503570 ,2024-09-20 17:11:00,Brasil,RIO GRANDE DO NORTE,VENHA-VER,Caatinga
 1723803260 ,e252e2e9-5f89-3d40-b74e-5b30c7094f5e,   -6.165340 ,  -35.310230 ,2024-09-21 16:13:00,Brasil,RIO GRANDE DO NORTE,SÃO JOSÉ DE MIPIBU,Mata Atlântica
 1723803261 ,1164834b-c56a-3a54-ac25-6b3d1622da20,   -6.162220 ,  -35.288030 ,2024-09-21 16:13:00,Brasil,RIO GRANDE DO NORTE,SÃO JOSÉ DE MIPIBU,Mata Atlântica
 1723803263 ,9a1ae465-0ea7-3947-ab3e-06a92c92a17e,   -6.159990 ,  -35.303890 ,2024-09-21 16:13:00,Brasil,RIO GRANDE DO NORTE,SÃO JOSÉ DE MIPIBU,Mata Atlântica
 1723803264 ,06034f8a-54ac-3066-8202-74761b4ed3b2,   -6.157020 ,  -35.281410 ,2024-09-21 16:13:00,Brasil,RIO GRANDE DO NORTE,SÃO JOSÉ DE MIPIBU,Mata Atlântica
 1724551835 ,c8eb1da6-4d7c-34f2-8ead-6e651cf7d7cb,   -6.171060 ,  -35.293580 ,2024-09-24 16:37:00,Brasil,RIO GRANDE DO NORTE,ARÊS,Mata Atlântica
 1724551836 ,260528ee-1bd8-3a81-bcec-66a76c310b4e,   -6.269840 ,  -35.465630 ,2024-09-24 16:37:00,Brasil,RIO GRANDE DO NORTE,SANTO ANTÔNIO,Caatinga
 1724551837 ,3b81b844-dfbe-385e-80bd-e81376cc51f5,   -6.279010 ,  -35.464290 ,2024-09-24 16:37:00,Brasil,RIO GRANDE DO NORTE,SANTO ANTÔNIO,Caatinga
 1724551839 ,a78d0d41-31fb-32e3-8f04-2785e3782282,   -6.409010 ,  -35.022020 ,2024-09-24 16:37:00,Brasil,RIO GRANDE DO NORTE,BAÍA FORMOSA,Mata Atlântica
 1724551840 ,f052487c-57fd-36d7-adbc-00d14c10fa64,   -6.410340 ,  -35.031250 ,2024-09-24 16:37:00,Brasil,RIO GRANDE DO NORTE,BAÍA FORMOSA,Mata Atlântica
 1724551841 ,70f7745b-dc2c-33e4-9600-e3c10f5cdadb,   -6.418040 ,  -35.020720 ,2024-09-24 16:37:00,Brasil,RIO GRANDE DO NORTE,BAÍA FORMOSA,Mata Atlântica
 1725151730 ,98f23bc4-5816-3fee-a7e1-53c1225a3f0e,   -5.222130 ,  -37.507430 ,2024-09-27 16:58:00,Brasil,RIO GRANDE DO NORTE,MOSSORÓ,Caatinga
 1725151758 ,a9546953-e26a-39de-bf66-b8d341086153,   -6.438400 ,  -37.134400 ,2024-09-27 16:58:00,Brasil,RIO GRANDE DO NORTE,CAICÓ,Caatinga
 1726573879 ,7112fb85-c5cb-3296-91b8-873eaa2fb88f,   -6.429680 ,  -35.181350 ,2024-10-04 16:45:00,Brasil,RIO GRANDE DO NORTE,PEDRO VELHO,Mata Atlântica
 1726573880 ,5d777462-7ecf-33f7-a3b6-a0176794e8d7,   -6.428380 ,  -35.172410 ,2024-10-04 16:45:00,Brasil,RIO GRANDE DO NORTE,CANGUARETAMA,Mata Atlântica
 1726573882 ,84724b56-2907-3708-a659-2d1ec6e692d5,   -6.420790 ,  -35.182690 ,2024-10-04 16:45:00,Brasil,RIO GRANDE DO NORTE,PEDRO VELHO,Mata Atlântica
 1726573883 ,358f346a-02e8-309e-9668-9d47938e25f2,   -6.419490 ,  -35.173740 ,2024-10-04 16:45:00,Brasil,RIO GRANDE DO NORTE,CANGUARETAMA,Mata Atlântica
 1726985955 ,547ca77b-978e-3c8e-912f-1b4ca772a1f4,   -6.305630 ,  -35.408060 ,2024-10-06 16:26:00,Brasil,RIO GRANDE DO NORTE,PASSAGEM,Caatinga
 1726985956 ,7b8912c3-1178-341d-a7b9-ed44c5683c30,   -6.308920 ,  -35.402190 ,2024-10-06 16:26:00,Brasil,RIO GRANDE DO NORTE,PASSAGEM,Caatinga
 1726985957 ,f2488b65-b2e0-32cc-9cb9-f71ca95c710f,   -6.310710 ,  -35.415440 ,2024-10-06 16:26:00,Brasil,RIO GRANDE DO NORTE,PASSAGEM,Caatinga
 1726985986 ,3e8ac3b9-21fb-32d8-a707-f576f51e40bb,   -5.684450 ,  -37.035480 ,2024-10-06 16:26:00,Brasil,RIO GRANDE DO NORTE,AÇU,Caatinga
 1726985987 ,c5e6d2a4-44a7-33d9-a07b-8d684a2c85ec,   -5.176970 ,  -37.522270 ,2024-10-06 16:28:00,Brasil,RIO GRANDE DO NORTE,MOSSORÓ,Caatinga
 1726986032 ,c206dc44-21c6-363e-a70a-fe996a607bdd,   -5.888580 ,  -35.634190 ,2024-10-06 16:26:00,Brasil,RIO GRANDE DO NORTE,SÃO PEDRO,Caatinga
 1727189011 ,49f6b6e0-50d2-301c-a3ca-b94b9879555e,   -6.445850 ,  -38.200290 ,2024-10-07 17:07:00,Brasil,RIO GRANDE DO NORTE,TENENTE ANANIAS,Caatinga
 1727189016 ,41c6b560-0024-331a-bce2-ee0dabae9ddc,   -6.138260 ,  -38.335080 ,2024-10-07 17:07:00,Brasil,RIO GRANDE DO NORTE,ENCANTO,Caatinga
 1727189017 ,39944f73-6208-32ab-97ec-cd1b857084f6,   -6.136560 ,  -38.323920 ,2024-10-07 17:07:00,Brasil,RIO GRANDE DO NORTE,ENCANTO,Caatinga
 1725868995 ,94133d12-d78c-3148-ba36-d4966a3b2d96,   -5.208480 ,  -37.633880 ,2024-10-01 16:24:00,Brasil,RIO GRANDE DO NORTE,BARAÚNA,Caatinga
 1725868996 ,f9ea118b-03bf-3b06-b9b5-cb5cdbe983f6,   -5.211550 ,  -37.656350 ,2024-10-01 16:24:00,Brasil,RIO GRANDE DO NORTE,BARAÚNA,Caatinga
 1726173545 ,333f0ee4-06a6-3504-a511-d7d16eebbfc1,   -6.102620 ,  -37.765600 ,2024-10-02 17:05:00,Brasil,RIO GRANDE DO NORTE,ALMINO AFONSO,Caatinga
 1726173549 ,d8ca537a-92b3-3220-aee1-c4df21c61a4c,   -5.906540 ,  -36.407930 ,2024-10-02 17:05:00,Brasil,RIO GRANDE DO NORTE,BODÓ,Caatinga
 1726173562 ,ed63fbd6-7b73-3098-92ee-92e882158e5f,   -5.547630 ,  -35.426400 ,2024-10-02 17:05:00,Brasil,RIO GRANDE DO NORTE,CEARÁ-MIRIM,Caatinga
 1727390796 ,09f48d27-8df0-3dc3-85a3-256ddde800d2,   -4.987010 ,  -37.047620 ,2024-10-08 16:09:00,Brasil,RIO GRANDE DO NORTE,AREIA BRANCA,Caatinga
 1723187481 ,ef6c197c-4357-3ff3-8687-b6a31fefd1ca,   -6.256140 ,  -35.197070 ,2024-09-19 16:33:00,Brasil,RIO GRANDE DO NORTE,GOIANINHA,Mata Atlântica
 1723187482 ,da35fb20-fe1d-3024-9d9c-2be86e8635e1,   -6.248080 ,  -35.208800 ,2024-09-19 16:33:00,Brasil,RIO GRANDE DO NORTE,GOIANINHA,Mata Atlântica
 1723187483 ,04331f25-d066-3b71-b354-264c69f3e728,   -6.246600 ,  -35.198450 ,2024-09-19 16:33:00,Brasil,RIO GRANDE DO NORTE,GOIANINHA,Mata Atlântica
 1723187484 ,a2970930-cdbd-394d-b5c5-81a039068348,   -5.701390 ,  -35.386810 ,2024-09-19 16:33:00,Brasil,RIO GRANDE DO NORTE,CEARÁ-MIRIM,Caatinga
 1723187485 ,3cb8a40c-1dbc-3088-b60e-512c0c7b6cc6,   -5.699920 ,  -35.376440 ,2024-09-19 16:33:00,Brasil,RIO GRANDE DO NORTE,CEARÁ-MIRIM,Caatinga
 1725436240 ,23dd5260-5826-394d-b676-ebf00efd1a9a,   -6.510180 ,  -35.120800 ,2024-09-29 16:41:00,Brasil,RIO GRANDE DO NORTE,CANGUARETAMA,Mata Atlântica
 1727639984 ,42d74bc1-ab9d-35a3-918b-9b3e7076c60a,   -6.233090 ,  -35.471930 ,2024-10-09 16:50:00,Brasil,RIO GRANDE DO NORTE,SERRINHA,Caatinga
 1727640001 ,2dd9fea5-b700-37fd-ae14-ab271fbb9817,   -5.976810 ,  -35.862230 ,2024-10-09 16:50:00,Brasil,RIO GRANDE DO NORTE,LAGOA DE VELHOS,Caatinga
 1727640013 ,6f6c895c-e8df-3531-890e-307643e5d72b,   -6.377660 ,  -38.382350 ,2024-10-09 16:50:00,Brasil,RIO GRANDE DO NORTE,LUÍS GOMES,Caatinga
 1727640014 ,b418e0aa-85c6-3c91-b474-3dc2d2532964,   -6.303080 ,  -38.370350 ,2024-10-09 16:50:00,Brasil,RIO GRANDE DO NORTE,RIACHO DE SANTANA,Caatinga
 1727640015 ,db2e74ac-591e-3187-bbd9-69e3ae27fc41,   -6.301080 ,  -37.906830 ,2024-10-09 16:50:00,Brasil,RIO GRANDE DO NORTE,ALEXANDRIA,Caatinga
 1727998481 ,bee88576-d8e1-34c8-9b68-fec479283b98,   -5.198600 ,  -36.146700 ,2024-10-11 16:33:00,Brasil,RIO GRANDE DO NORTE,GALINHOS,Caatinga
 1727998482 ,d947face-339d-3938-a559-e13b782cf6ac,   -5.252570 ,  -37.772080 ,2024-10-11 16:33:00,Brasil,RIO GRANDE DO NORTE,GOVERNADOR DIX-SEPT ROSADO,Caatinga
 1727998483 ,f46d5916-218b-3d98-88ec-cbabed7fe3f5,   -5.254790 ,  -37.788590 ,2024-10-11 16:33:00,Brasil,RIO GRANDE DO NORTE,GOVERNADOR DIX-SEPT ROSADO,Caatinga
 1727998484 ,9f4d6163-7a92-3df8-8281-3f5112caf696,   -5.256080 ,  -37.759780 ,2024-10-11 16:33:00,Brasil,RIO GRANDE DO NORTE,GOVERNADOR DIX-SEPT ROSADO,Caatinga
 1727998485 ,0d4425a9-8e8f-37b6-819b-772514e34832,   -5.258420 ,  -37.776230 ,2024-10-11 16:33:00,Brasil,RIO GRANDE DO NORTE,GOVERNADOR DIX-SEPT ROSADO,Caatinga
 1727998486 ,788864d1-f6ac-3e63-a187-dd633a2085de,   -5.262170 ,  -37.753940 ,2024-10-11 16:33:00,Brasil,RIO GRANDE DO NORTE,GOVERNADOR DIX-SEPT ROSADO,Caatinga
 1727998488 ,fdefc0e0-644f-3db6-851a-3e0f13ba75d5,   -5.264400 ,  -37.770410 ,2024-10-11 16:33:00,Brasil,RIO GRANDE DO NORTE,GOVERNADOR DIX-SEPT ROSADO,Caatinga
 1727998490 ,528e21ce-8e6c-326b-acd8-b268586e7b00,   -5.266630 ,  -37.786930 ,2024-10-11 16:33:00,Brasil,RIO GRANDE DO NORTE,GOVERNADOR DIX-SEPT ROSADO,Caatinga
 1727998491 ,01fd1cb2-ddd2-3c16-a4b7-6caf8c95af53,   -5.267890 ,  -37.758130 ,2024-10-11 16:33:00,Brasil,RIO GRANDE DO NORTE,GOVERNADOR DIX-SEPT ROSADO,Caatinga
 1727998492 ,94ec3142-19af-3f11-9d0a-8ccc16f79cdb,   -5.270250 ,  -37.774580 ,2024-10-11 16:33:00,Brasil,RIO GRANDE DO NORTE,GOVERNADOR DIX-SEPT ROSADO,Caatinga
 1727998494 ,7d51afa7-a4f2-3277-b6a8-a50fc7a36ebd,   -5.737540 ,  -35.341550 ,2024-10-11 16:33:00,Brasil,RIO GRANDE DO NORTE,SÃO GONÇALO DO AMARANTE,Caatinga
 1727998497 ,046fe887-9b98-394c-b28f-e38070a64f06,   -6.099320 ,  -38.248200 ,2024-10-11 16:33:00,Brasil,RIO GRANDE DO NORTE,PAU DOS FERROS,Caatinga
 1728229441 ,f29b2057-9ee8-348f-aa70-4cfd24475799,   -6.220180 ,  -38.328510 ,2024-10-12 17:11:00,Brasil,RIO GRANDE DO NORTE,ÁGUA NOVA,Caatinga
 1728229446 ,a5e0af71-c9fc-3277-aae1-59672f2a0d2f,   -5.959410 ,  -38.183210 ,2024-10-12 17:11:00,Brasil,RIO GRANDE DO NORTE,SÃO FRANCISCO DO OESTE,Caatinga
 1728229459 ,369a8c2d-1e2d-3ca6-b6ce-c72d26e7948f,   -5.359080 ,  -37.811050 ,2024-10-12 17:11:00,Brasil,RIO GRANDE DO NORTE,APODI,Caatinga
 1728229460 ,3530d6c0-07a4-3817-ba2e-2220efe5ece3,   -5.356840 ,  -37.796760 ,2024-10-12 17:11:00,Brasil,RIO GRANDE DO NORTE,APODI,Caatinga
 1728229461 ,fede0abc-fdca-3d49-878f-a9e9627922e1,   -5.354610 ,  -37.782470 ,2024-10-12 17:11:00,Brasil,RIO GRANDE DO NORTE,APODI,Caatinga
 1728229462 ,bd31d277-97e9-38c6-a07c-ebe7e11d541d,   -5.348040 ,  -37.812780 ,2024-10-12 17:11:00,Brasil,RIO GRANDE DO NORTE,APODI,Caatinga
 1728229463 ,6b8782e7-ec1f-32b1-969c-eb65ab6b6fd8,   -5.345790 ,  -37.798520 ,2024-10-12 17:11:00,Brasil,RIO GRANDE DO NORTE,APODI,Caatinga
 1728229464 ,7bdf8618-2c32-3eff-bc12-94a8dda8d374,   -5.343860 ,  -37.789780 ,2024-10-12 17:11:00,Brasil,RIO GRANDE DO NORTE,APODI,Caatinga
 1728229465 ,76c058c7-4101-331c-9e81-25454b70c24e,   -5.343550 ,  -37.784230 ,2024-10-12 17:11:00,Brasil,RIO GRANDE DO NORTE,APODI,Caatinga
 1728229466 ,48d0b749-e905-3354-9ad5-07f8761e0522,   -5.341710 ,  -37.775420 ,2024-10-12 17:11:00,Brasil,RIO GRANDE DO NORTE,APODI,Caatinga
 1728229467 ,38ea0304-12de-3daa-a6cd-a60de2e63eda,   -5.337100 ,  -37.820100 ,2024-10-12 17:11:00,Brasil,RIO GRANDE DO NORTE,APODI,Caatinga
 1728229468 ,d087b224-cf40-3418-837a-14b837fa006b,   -5.337000 ,  -37.814500 ,2024-10-12 17:11:00,Brasil,RIO GRANDE DO NORTE,APODI,Caatinga
 1728229469 ,1fdbfc7c-0882-333d-94a6-ef5c1aadc2e7,   -5.334950 ,  -37.805840 ,2024-10-12 17:11:00,Brasil,RIO GRANDE DO NORTE,APODI,Caatinga
 1728229470 ,8876984f-89d4-3b22-8a93-287ea3b02872,   -5.332790 ,  -37.791530 ,2024-10-12 17:11:00,Brasil,RIO GRANDE DO NORTE,APODI,Caatinga
 1728229471 ,c0c73493-ba89-3adf-920a-f2f3a6b0a5eb,   -5.332480 ,  -37.785960 ,2024-10-12 17:11:00,Brasil,RIO GRANDE DO NORTE,APODI,Caatinga
 1728229472 ,2490290b-4887-3b11-ba2c-cdce08418441,   -5.326050 ,  -37.821810 ,2024-10-12 17:11:00,Brasil,RIO GRANDE DO NORTE,APODI,Caatinga
 1728229474 ,20b071a5-378f-3e5f-9140-9ca48b2990f8,   -5.323890 ,  -37.807560 ,2024-10-12 17:11:00,Brasil,RIO GRANDE DO NORTE,APODI,Caatinga
 1728582533 ,3410f0a6-e88b-363d-a4b5-93f2bb7bdd4d,   -5.609890 ,  -37.159030 ,2024-10-14 16:54:00,Brasil,RIO GRANDE DO NORTE,UPANEMA,Caatinga
 1728582542 ,3eb656e8-1511-3574-84c2-cea2581a78e0,   -5.315990 ,  -37.797000 ,2024-10-14 16:54:00,Brasil,RIO GRANDE DO NORTE,GOVERNADOR DIX-SEPT ROSADO,Caatinga
 1729009298 ,576c3ecf-0c14-3f76-a98b-1bc54b07768e,   -6.443410 ,  -38.363960 ,2024-10-18 16:18:00,Brasil,RIO GRANDE DO NORTE,LUÍS GOMES,Caatinga
 1729009299 ,76c0633c-5424-35e8-a603-be5548063c90,   -6.438610 ,  -38.326510 ,2024-10-18 16:18:00,Brasil,RIO GRANDE DO NORTE,PARANÁ,Caatinga
 1729009300 ,ff3280c4-1c11-3b31-9892-1289c0f5aa64,   -6.434430 ,  -38.334740 ,2024-10-18 16:18:00,Brasil,RIO GRANDE DO NORTE,MAJOR SALES,Caatinga
 1729187826 ,fcb5d064-005d-342b-b970-cddbde2062b8,   -6.269360 ,  -38.403240 ,2024-10-19 16:56:00,Brasil,RIO GRANDE DO NORTE,CORONEL JOÃO PESSOA,Caatinga
 1729187833 ,220fd8a4-b6e3-3f04-8eb8-bdd6a797ef40,   -6.138810 ,  -38.329860 ,2024-10-19 16:56:00,Brasil,RIO GRANDE DO NORTE,ENCANTO,Caatinga
 1729187834 ,82f1b1df-2af1-3b06-bf04-8d9661f73716,   -6.137520 ,  -38.321030 ,2024-10-19 16:56:00,Brasil,RIO GRANDE DO NORTE,ENCANTO,Caatinga
 1729187835 ,877b8440-e5b7-3cd4-9197-637fb94f2ea0,   -6.112330 ,  -36.584880 ,2024-10-19 16:56:00,Brasil,RIO GRANDE DO NORTE,LAGOA NOVA,Caatinga
 1729187836 ,ada477b8-b5f6-319d-a5d1-c11a66d8755d,   -6.101080 ,  -38.380610 ,2024-10-19 16:56:00,Brasil,RIO GRANDE DO NORTE,DOUTOR SEVERIANO,Caatinga
 1729187857 ,2ec0f044-1cb5-316f-aae0-7115797de8be,   -5.513030 ,  -35.416840 ,2024-10-19 16:56:00,Brasil,RIO GRANDE DO NORTE,CEARÁ-MIRIM,Caatinga
 1729187868 ,3f84e8c6-a56e-308b-95d9-c3b0eb6ec3e6,   -5.275170 ,  -36.968380 ,2024-10-19 16:56:00,Brasil,RIO GRANDE DO NORTE,SERRA DO MEL,Caatinga
 1729187869 ,deb7ca82-d905-3695-8add-8f2cc93c319e,   -5.273750 ,  -36.958780 ,2024-10-19 16:56:00,Brasil,RIO GRANDE DO NORTE,SERRA DO MEL,Caatinga
 1729187870 ,0c4b9813-fd68-342d-b046-4f65dca66594,   -5.266000 ,  -36.969760 ,2024-10-19 16:56:00,Brasil,RIO GRANDE DO NORTE,SERRA DO MEL,Caatinga
 1729187871 ,d2e05c9f-e353-3add-9eb0-83f00eb7c7a4,   -5.264570 ,  -36.960160 ,2024-10-19 16:56:00,Brasil,RIO GRANDE DO NORTE,SERRA DO MEL,Caatinga
 1729187872 ,ae11a37f-bba3-38e9-9e39-806d68355733,   -5.234710 ,  -36.886140 ,2024-10-19 16:56:00,Brasil,RIO GRANDE DO NORTE,CARNAUBAIS,Caatinga
 1729187888 ,fb6cc8ef-cedf-3bf7-bc31-fd4750c057f1,   -5.119790 ,  -36.975140 ,2024-10-19 16:56:00,Brasil,RIO GRANDE DO NORTE,SERRA DO MEL,Caatinga
 1729187889 ,0216385e-173c-3245-b625-1d4fc75ab169,   -5.118370 ,  -36.965510 ,2024-10-19 16:56:00,Brasil,RIO GRANDE DO NORTE,PORTO DO MANGUE,Caatinga
 1729187891 ,cfe9bc1d-d423-3bea-8ded-cfa17261ed2e,   -5.065480 ,  -37.051350 ,2024-10-19 16:56:00,Brasil,RIO GRANDE DO NORTE,AREIA BRANCA,Caatinga
 1729187892 ,1bfd91ae-a2a3-3704-a6b0-0002a989c9e1,   -5.064060 ,  -37.041870 ,2024-10-19 16:56:00,Brasil,RIO GRANDE DO NORTE,SERRA DO MEL,Caatinga
 1729187899 ,33f76851-20f4-34b9-900d-2e27ca4b1a38,   -4.984480 ,  -36.942960 ,2024-10-19 16:56:00,Brasil,RIO GRANDE DO NORTE,AREIA BRANCA,Caatinga
 1729187900 ,53fa0590-4cb6-3955-8006-ffcfd654c1be,   -4.976700 ,  -36.953920 ,2024-10-19 16:56:00,Brasil,RIO GRANDE DO NORTE,AREIA BRANCA,Caatinga
 1729433048 ,3f86eac7-64e3-390b-88fe-5da50fa6e30e,   -6.041610 ,  -36.547700 ,2024-10-21 16:39:00,Brasil,RIO GRANDE DO NORTE,SANTANA DO MATOS,Caatinga
 1729433054 ,54f1ea7a-b7b7-3143-b9c1-8f3a2d5d37f7,   -5.881210 ,  -35.353480 ,2024-10-21 16:39:00,Brasil,RIO GRANDE DO NORTE,MACAÍBA,Caatinga
 1729433055 ,8f1c830b-e4fb-3e56-9c6c-31c05f3fa9fd,   -5.879870 ,  -35.344130 ,2024-10-21 16:39:00,Brasil,RIO GRANDE DO NORTE,MACAÍBA,Caatinga
 1729433068 ,1bed4d8f-8689-3db4-9546-5548705538e9,   -5.398760 ,  -35.530630 ,2024-10-21 16:39:00,Brasil,RIO GRANDE DO NORTE,PUREZA,Caatinga
 1729433069 ,f823a456-726e-372a-88b5-c0d681c6baf9,   -5.397440 ,  -35.642070 ,2024-10-21 16:39:00,Brasil,RIO GRANDE DO NORTE,PUREZA,Caatinga
 1729433070 ,ef87edcd-83f5-3068-8330-5d8b6973d794,   -5.397430 ,  -35.521280 ,2024-10-21 16:39:00,Brasil,RIO GRANDE DO NORTE,PUREZA,Caatinga
 1729433071 ,40527c8f-d1f4-3ac0-9f4e-0c749de756d2,   -5.396080 ,  -35.632630 ,2024-10-21 16:39:00,Brasil,RIO GRANDE DO NORTE,PUREZA,Caatinga
 1729433083 ,8c28d42f-08a2-3085-8cf0-bff8008c8aec,   -5.192170 ,  -37.416780 ,2024-10-21 16:39:00,Brasil,RIO GRANDE DO NORTE,MOSSORÓ,Caatinga
 1729433091 ,8641bf2a-3cfa-30bc-a38e-1d808372721b,   -5.007550 ,  -36.978220 ,2024-10-21 16:39:00,Brasil,RIO GRANDE DO NORTE,AREIA BRANCA,Caatinga
 1729433092 ,29d9175b-b1d0-337e-9105-07a8262e84c1,   -5.006000 ,  -36.967300 ,2024-10-21 16:39:00,Brasil,RIO GRANDE DO NORTE,AREIA BRANCA,Caatinga
 1729433093 ,1fad759f-b400-349f-b5a3-93066ef3fb3b,   -4.916970 ,  -37.350590 ,2024-10-21 16:39:00,Brasil,RIO GRANDE DO NORTE,TIBAU,Caatinga
 1729600216 ,b91a4f27-31b6-3fe1-9879-731048a6623e,   -5.159470 ,  -36.896030 ,2024-10-22 17:20:00,Brasil,RIO GRANDE DO NORTE,CARNAUBAIS,Caatinga
 1729717795 ,09f01a05-e923-34a2-abe6-4c0307138223,   -5.299460 ,  -36.998150 ,2024-10-23 16:22:00,Brasil,RIO GRANDE DO NORTE,CARNAUBAIS,Caatinga
 1729717796 ,8e3e9cc8-b66a-375d-a68e-42e68f75bab6,   -5.296120 ,  -36.974030 ,2024-10-23 16:22:00,Brasil,RIO GRANDE DO NORTE,CARNAUBAIS,Caatinga
 1729717797 ,77cc9320-bd2d-3895-995e-7a30268937f8,   -5.213160 ,  -36.887260 ,2024-10-23 16:22:00,Brasil,RIO GRANDE DO NORTE,CARNAUBAIS,Caatinga
 1729717798 ,4c92c8e0-1f2e-3873-bd28-9759b8292e71,   -5.208210 ,  -36.892680 ,2024-10-23 16:22:00,Brasil,RIO GRANDE DO NORTE,CARNAUBAIS,Caatinga
 1730240863 ,65431724-a43d-3846-bb61-214a89f21655,   -5.810440 ,  -36.597980 ,2024-10-26 16:41:00,Brasil,RIO GRANDE DO NORTE,SANTANA DO MATOS,Caatinga
 1730240864 ,be8322b0-51f3-34dc-8aeb-dd9e1954a1d4,   -5.428290 ,  -36.766980 ,2024-10-26 16:43:00,Brasil,RIO GRANDE DO NORTE,AFONSO BEZERRA,Caatinga
 1730240865 ,0ec27b1d-f2e9-3550-a028-ccaa8bd97026,   -5.363410 ,  -35.667500 ,2024-10-26 16:43:00,Brasil,RIO GRANDE DO NORTE,PUREZA,Caatinga
 1730240866 ,eb5f017d-295d-3787-b4e2-38260b1055d4,   -5.293920 ,  -37.050420 ,2024-10-26 16:43:00,Brasil,RIO GRANDE DO NORTE,SERRA DO MEL,Caatinga
 1730240867 ,44ed0e2a-7068-3b1e-acdc-456c026e8255,   -5.293720 ,  -35.638500 ,2024-10-26 16:43:00,Brasil,RIO GRANDE DO NORTE,TOUROS,Caatinga
 1730240868 ,ab6c660e-b5f6-3c4d-936e-2b26c1fdfda8,   -5.292420 ,  -35.629550 ,2024-10-26 16:43:00,Brasil,RIO GRANDE DO NORTE,TOUROS,Caatinga
 1730240882 ,325f3ca6-9aa0-310f-9319-7f5cfe70cb85,   -6.348430 ,  -38.370590 ,2024-10-26 16:41:00,Brasil,RIO GRANDE DO NORTE,LUÍS GOMES,Caatinga
 1730240883 ,843fb138-5a76-323e-9888-35c62903e521,   -6.340550 ,  -38.364390 ,2024-10-26 16:41:00,Brasil,RIO GRANDE DO NORTE,LUÍS GOMES,Caatinga
 1730240884 ,eb1653c3-9c99-37c7-a4be-7c58bbc7c15c,   -6.251130 ,  -38.536110 ,2024-10-26 16:41:00,Brasil,RIO GRANDE DO NORTE,SÃO MIGUEL,Caatinga
 1730240885 ,c8c6ea41-747d-3ca0-b789-997c41e6e4c3,   -6.249390 ,  -38.523780 ,2024-10-26 16:41:00,Brasil,RIO GRANDE DO NORTE,SÃO MIGUEL,Caatinga
 1730240886 ,1f6f28db-f340-3bb3-b004-d7672a961451,   -6.238870 ,  -38.524750 ,2024-10-26 16:41:00,Brasil,RIO GRANDE DO NORTE,SÃO MIGUEL,Caatinga
 1730712410 ,2475ea77-4725-3c92-92fb-3d01e29f9a0d,   -6.112510 ,  -36.887950 ,2024-10-29 17:05:00,Brasil,RIO GRANDE DO NORTE,FLORÂNIA,Caatinga
 1730712419 ,17954275-7f74-3f17-99d9-acc3c665b3fa,   -4.910080 ,  -37.543470 ,2024-10-29 17:05:00,Brasil,RIO GRANDE DO NORTE,BARAÚNA,Caatinga
 1730712426 ,3802d9be-54ce-38fd-9575-4d0deda8abf2,   -6.285250 ,  -38.467810 ,2024-10-29 17:05:00,Brasil,RIO GRANDE DO NORTE,CORONEL JOÃO PESSOA,Caatinga
 1730712428 ,5e7bbe53-3e06-3930-b8b2-f86a968278ac,   -6.202070 ,  -38.525000 ,2024-10-29 17:05:00,Brasil,RIO GRANDE DO NORTE,SÃO MIGUEL,Caatinga
 1730712430 ,356c0927-8db1-3865-bfca-30e8629e584a,   -6.130640 ,  -37.750060 ,2024-10-29 17:05:00,Brasil,RIO GRANDE DO NORTE,ALMINO AFONSO,Caatinga
 1730988806 ,c4f39547-e27e-3b17-a126-6d6c418789dd,   -6.687780 ,  -37.470870 ,2024-10-31 16:48:00,Brasil,RIO GRANDE DO NORTE,SERRA NEGRA DO NORTE,Caatinga
 1730988811 ,12b9f32d-1a24-3546-8562-a51d772d31f6,   -6.157190 ,  -38.425620 ,2024-10-31 16:48:00,Brasil,RIO GRANDE DO NORTE,DOUTOR SEVERIANO,Caatinga
 1730988812 ,f09b8def-778e-37b7-ac70-cd5b8ea61911,   -6.155710 ,  -38.414900 ,2024-10-31 16:48:00,Brasil,RIO GRANDE DO NORTE,DOUTOR SEVERIANO,Caatinga
 1730988813 ,a86a3cb4-b94b-3e69-987a-7ab72da233b7,   -6.154340 ,  -38.421440 ,2024-10-31 16:48:00,Brasil,RIO GRANDE DO NORTE,DOUTOR SEVERIANO,Caatinga
 1730988827 ,04b4dfc1-fe7a-3be8-9e15-66331379d9f8,   -5.330910 ,  -35.655430 ,2024-10-31 16:48:00,Brasil,RIO GRANDE DO NORTE,TOUROS,Caatinga
 1730988828 ,aefb5585-b93c-3fdf-b9aa-4bfac7be31ca,   -5.323370 ,  -35.665540 ,2024-10-31 16:48:00,Brasil,RIO GRANDE DO NORTE,TOUROS,Caatinga
 1730988829 ,dcab7414-44e8-358b-9b07-906bfac427dc,   -5.322090 ,  -35.656730 ,2024-10-31 16:48:00,Brasil,RIO GRANDE DO NORTE,TOUROS,Caatinga
 1730988830 ,bdddae8a-124a-37c2-9cee-c2bb98d03d80,   -5.270960 ,  -35.687870 ,2024-10-31 16:48:00,Brasil,RIO GRANDE DO NORTE,TOUROS,Caatinga
 1730988831 ,a2272e85-9562-3809-8fc0-2f71026d4af9,   -5.262130 ,  -35.689170 ,2024-10-31 16:48:00,Brasil,RIO GRANDE DO NORTE,TOUROS,Caatinga
 1730988832 ,653846fc-c53c-3591-bc1d-7181bee6e1c6,   -5.260850 ,  -35.680360 ,2024-10-31 16:48:00,Brasil,RIO GRANDE DO NORTE,TOUROS,Caatinga
 1730988839 ,83a0079f-27b5-3058-866f-f7dd6f30ea4b,   -5.124280 ,  -36.972390 ,2024-10-31 16:48:00,Brasil,RIO GRANDE DO NORTE,PORTO DO MANGUE,Caatinga
 1731127514 ,5e42f553-8b97-3642-9dea-ff0e668059db,   -5.814320 ,  -36.607170 ,2024-11-01 17:26:00,Brasil,RIO GRANDE DO NORTE,SANTANA DO MATOS,Caatinga
 1731252820 ,9ccde7d5-c10a-3eef-8327-a8e930ffefe3,   -6.312700 ,  -38.298790 ,2024-11-02 16:26:00,Brasil,RIO GRANDE DO NORTE,JOSÉ DA PENHA,Caatinga
 1731252821 ,ef4b3dde-51f1-3751-b496-25d91186ba49,   -6.254700 ,  -37.873250 ,2024-11-02 16:26:00,Brasil,RIO GRANDE DO NORTE,ANTÔNIO MARTINS,Caatinga
 1731252824 ,ff968262-cda9-3dc4-b512-dd709fa8787a,   -5.160770 ,  -36.949940 ,2024-11-02 16:28:00,Brasil,RIO GRANDE DO NORTE,SERRA DO MEL,Caatinga
 1731252826 ,0ce1fd90-7012-31af-9761-bf6dcf3ec6e2,   -5.124030 ,  -36.978420 ,2024-11-02 16:28:00,Brasil,RIO GRANDE DO NORTE,SERRA DO MEL,Caatinga
 1731392375 ,716b5d92-37e0-3dc3-962f-ba8074631638,   -5.076080 ,  -37.022570 ,2024-11-03 17:06:00,Brasil,RIO GRANDE DO NORTE,SERRA DO MEL,Caatinga
 1731392376 ,f17b0452-10c4-338b-b731-26c94d570175,   -5.074140 ,  -37.009640 ,2024-11-03 17:06:00,Brasil,RIO GRANDE DO NORTE,SERRA DO MEL,Caatinga
 1731613422 ,cbd3ef04-6362-3a17-82d8-430fc8e54a7d,   -6.443450 ,  -38.240580 ,2024-11-05 16:49:00,Brasil,RIO GRANDE DO NORTE,TENENTE ANANIAS,Caatinga
 1731613438 ,02e78943-7562-30a6-afe2-683547ba9828,   -5.242670 ,  -36.869960 ,2024-11-05 16:49:00,Brasil,RIO GRANDE DO NORTE,CARNAUBAIS,Caatinga
 1731613548 ,856a3c09-796e-3dd4-86cf-f7afc2a6fa04,   -5.990410 ,  -35.295880 ,2024-11-05 16:49:00,Brasil,RIO GRANDE DO NORTE,SÃO JOSÉ DE MIPIBU,Mata Atlântica
 1731613604 ,373307cd-88a9-3533-bd83-9461718d6d76,   -5.243950 ,  -36.878840 ,2024-11-05 16:49:00,Brasil,RIO GRANDE DO NORTE,CARNAUBAIS,Caatinga
 1731613699 ,6e461b61-7660-3ea9-a963-9b310f9ffa32,   -5.909820 ,  -38.041660 ,2024-11-05 16:49:00,Brasil,RIO GRANDE DO NORTE,TABOLEIRO GRANDE,Caatinga
 1731613736 ,18a7ea06-26f6-3a86-8640-4d983db69324,   -6.247680 ,  -38.473340 ,2024-11-05 16:49:00,Brasil,RIO GRANDE DO NORTE,SÃO MIGUEL,Caatinga
 1731613772 ,e3d39d33-c6df-3801-a39e-3811612f2600,   -5.982820 ,  -35.306210 ,2024-11-05 16:49:00,Brasil,RIO GRANDE DO NORTE,SÃO JOSÉ DE MIPIBU,Mata Atlântica
 1731613849 ,46d1ea46-0638-37c9-aaf1-5cf626396e79,   -6.179540 ,  -36.203590 ,2024-11-05 16:49:00,Brasil,RIO GRANDE DO NORTE,CAMPO REDONDO,Caatinga
 1731613973 ,30ca0a58-5a6c-3805-8092-dc1ec5682686,   -6.450000 ,  -38.219140 ,2024-11-05 16:49:00,Brasil,RIO GRANDE DO NORTE,TENENTE ANANIAS,Caatinga
 1731613974 ,b21308e5-f360-35b6-94dc-fcf2d6db56a7,   -5.911220 ,  -38.051380 ,2024-11-05 16:49:00,Brasil,RIO GRANDE DO NORTE,TABOLEIRO GRANDE,Caatinga
 1731613981 ,91a94805-3539-3cd5-9b4c-41bd10b2a3d2,   -6.053030 ,  -36.541130 ,2024-11-05 16:49:00,Brasil,RIO GRANDE DO NORTE,BODÓ,Caatinga
 1731614024 ,96eff8b0-5fac-32d0-95ff-c40eeb586a90,   -6.180820 ,  -36.212400 ,2024-11-05 16:49:00,Brasil,RIO GRANDE DO NORTE,CAMPO REDONDO,Caatinga
 1731614031 ,31a9f2c5-f106-3035-bd86-29465b0c9097,   -5.801920 ,  -36.597140 ,2024-11-05 16:49:00,Brasil,RIO GRANDE DO NORTE,SANTANA DO MATOS,Caatinga
 1731614044 ,e7002e7f-7c7e-365e-95b3-abeb85f6d0bb,   -6.694830 ,  -37.476320 ,2024-11-05 16:49:00,Brasil,RIO GRANDE DO NORTE,SERRA NEGRA DO NORTE,Caatinga
 1731614164 ,ecb629a8-24b7-39bd-a252-b00d223bac72,   -5.793080 ,  -36.598440 ,2024-11-05 16:49:00,Brasil,RIO GRANDE DO NORTE,SANTANA DO MATOS,Caatinga
 1731614169 ,61a538b8-7308-3fad-8714-bf24506f20c6,   -5.800630 ,  -36.588260 ,2024-11-05 16:49:00,Brasil,RIO GRANDE DO NORTE,SANTANA DO MATOS,Caatinga
 1731614268 ,85eb139c-2796-37af-9b95-1256f5e416c7,   -5.133000 ,  -35.867360 ,2024-11-05 16:49:00,Brasil,RIO GRANDE DO NORTE,PEDRA GRANDE,Caatinga
 1731614339 ,5598baed-5d4d-31fa-b32e-2b0f467b37af,   -6.448580 ,  -38.209060 ,2024-11-05 16:49:00,Brasil,RIO GRANDE DO NORTE,TENENTE ANANIAS,Caatinga
 1731614444 ,4db29e96-ae69-3609-846b-1853d88c16ef,   -6.054310 ,  -36.549980 ,2024-11-05 16:49:00,Brasil,RIO GRANDE DO NORTE,SANTANA DO MATOS,Caatinga
 1731614506 ,375ff443-cd37-31d3-8ecc-38f1f31e5905,   -6.146200 ,  -38.472020 ,2024-11-05 16:49:00,Brasil,RIO GRANDE DO NORTE,SÃO MIGUEL,Caatinga
 1731614585 ,9784da17-ec77-3e69-82da-4ed4d9bcc6b8,   -6.703950 ,  -37.475260 ,2024-11-05 16:49:00,Brasil,RIO GRANDE DO NORTE,SERRA NEGRA DO NORTE,Caatinga
 1731614626 ,1f29930e-7702-3137-89bf-3e0fbc1ee4bc,   -5.981500 ,  -35.297210 ,2024-11-05 16:49:00,Brasil,RIO GRANDE DO NORTE,SÃO JOSÉ DE MIPIBU,Mata Atlântica
 1731614672 ,40b6b26f-fdff-305a-a9a0-fcfae1399105,   -5.143130 ,  -35.874910 ,2024-11-05 16:49:00,Brasil,RIO GRANDE DO NORTE,PEDRA GRANDE,Caatinga
 1731614673 ,ba0380c0-765a-3f0b-853c-96e9a32486a3,   -6.675010 ,  -37.466920 ,2024-11-05 16:49:00,Brasil,RIO GRANDE DO NORTE,SERRA NEGRA DO NORTE,Caatinga
 1731614710 ,b82d59a8-4307-348a-8685-c2c5a93cddbe,   -5.134290 ,  -35.876220 ,2024-11-05 16:49:00,Brasil,RIO GRANDE DO NORTE,PEDRA GRANDE,Caatinga
 1731614711 ,03370961-f6c0-3bfe-9491-0d4c6eea54bf,   -5.125440 ,  -35.877520 ,2024-11-05 16:49:00,Brasil,RIO GRANDE DO NORTE,PEDRA GRANDE,Caatinga
 1731614741 ,f3bf707e-c5f3-398a-86b3-fda73698c1e5,   -5.135580 ,  -35.885070 ,2024-11-05 16:49:00,Brasil,RIO GRANDE DO NORTE,PEDRA GRANDE,Caatinga
 1731614787 ,17e6c39d-8a24-3dbc-9b51-1a3b7fe37e04,   -5.296200 ,  -36.989480 ,2024-11-05 16:49:00,Brasil,RIO GRANDE DO NORTE,CARNAUBAIS,Caatinga
 1731614799 ,5cadd321-ad1a-3b51-b8ff-524383ce7c1d,   -6.673670 ,  -37.457620 ,2024-11-05 16:49:00,Brasil,RIO GRANDE DO NORTE,SERRA NEGRA DO NORTE,Caatinga
 1731614898 ,e20b4a48-7906-36ca-93b3-7dc47eb05288,   -5.144420 ,  -35.883760 ,2024-11-05 16:49:00,Brasil,RIO GRANDE DO NORTE,PEDRA GRANDE,Caatinga
 1731735909 ,5d9d19a5-ff59-39f1-aae6-3b15af72e37b,   -6.567700 ,  -37.436120 ,2024-11-06 17:28:00,Brasil,RIO GRANDE DO NORTE,SERRA NEGRA DO NORTE,Caatinga
 1731735991 ,495c96eb-f24e-3768-b908-592ddb71007f,   -6.566060 ,  -37.428820 ,2024-11-06 17:28:00,Brasil,RIO GRANDE DO NORTE,SERRA NEGRA DO NORTE,Caatinga
 1731850750 ,afdce04c-4c50-3c99-aafa-131e53a72357,   -5.145980 ,  -37.408780 ,2024-11-07 16:32:00,Brasil,RIO GRANDE DO NORTE,MOSSORÓ,Caatinga
 1731850783 ,94ea11de-2044-3782-ac43-9c8f0d76c5fa,   -5.133780 ,  -37.410410 ,2024-11-07 16:32:00,Brasil,RIO GRANDE DO NORTE,MOSSORÓ,Caatinga
 1731850818 ,81c04482-6fda-379c-8193-c71057635de1,   -5.148500 ,  -37.426610 ,2024-11-07 16:32:00,Brasil,RIO GRANDE DO NORTE,MOSSORÓ,Caatinga
 1731850845 ,58a6ca3e-a50d-320e-b0ca-9caa8a832223,   -5.136280 ,  -37.428200 ,2024-11-07 16:32:00,Brasil,RIO GRANDE DO NORTE,MOSSORÓ,Caatinga
 1731956115 ,9cd10a1c-98c4-37cb-87ad-c7e3b1c4785f,   -6.046130 ,  -36.553550 ,2024-11-08 17:09:00,Brasil,RIO GRANDE DO NORTE,SANTANA DO MATOS,Caatinga
 1731956823 ,3abf9971-352c-3a4d-8b71-f35833423449,   -6.114660 ,  -38.389430 ,2024-11-08 17:09:00,Brasil,RIO GRANDE DO NORTE,DOUTOR SEVERIANO,Caatinga
 1731957140 ,b09a243f-43f9-3870-a8c2-194ee69692d6,   -6.208300 ,  -38.527450 ,2024-11-08 17:09:00,Brasil,RIO GRANDE DO NORTE,SÃO MIGUEL,Caatinga
 1732098003 ,c5f7cccf-52e9-35aa-889c-ad1542ea383b,   -5.663780 ,  -35.767570 ,2024-11-09 16:11:00,Brasil,RIO GRANDE DO NORTE,BENTO FERNANDES,Caatinga
 1732098014 ,7e05a60f-a3da-3660-b5ce-eba40262bbac,   -5.678360 ,  -35.790570 ,2024-11-09 16:11:00,Brasil,RIO GRANDE DO NORTE,BENTO FERNANDES,Caatinga
 1732098024 ,d53fc090-d945-317a-ab95-d6663378ecb0,   -5.674240 ,  -35.758970 ,2024-11-09 16:11:00,Brasil,RIO GRANDE DO NORTE,BENTO FERNANDES,Caatinga
 1732098059 ,ec3cc71e-f9b2-369d-8efe-e65e3214a0c8,   -5.668110 ,  -35.799210 ,2024-11-09 16:11:00,Brasil,RIO GRANDE DO NORTE,BENTO FERNANDES,Caatinga
 1732256377 ,eebf5cb1-3b82-3f89-a05f-f665e999fae7,   -5.137050 ,  -36.938000 ,2024-11-10 16:52:00,Brasil,RIO GRANDE DO NORTE,SERRA DO MEL,Caatinga
 1732256381 ,d616f7d8-613c-32b7-ae34-59552abef037,   -5.413080 ,  -35.663430 ,2024-11-10 16:52:00,Brasil,RIO GRANDE DO NORTE,PUREZA,Caatinga
 1732256473 ,aafbc244-8a02-31da-b662-a57ada16dac8,   -5.570810 ,  -35.730130 ,2024-11-10 16:52:00,Brasil,RIO GRANDE DO NORTE,POÇO BRANCO,Caatinga
 1732256479 ,029a2510-a406-3003-b5bb-a8c1831af292,   -5.156510 ,  -36.928640 ,2024-11-10 16:52:00,Brasil,RIO GRANDE DO NORTE,CARNAUBAIS,Caatinga
 1732256503 ,b22a44c5-539c-3c7a-afa2-719f5871a9cc,   -5.414420 ,  -35.672600 ,2024-11-10 16:52:00,Brasil,RIO GRANDE DO NORTE,PUREZA,Caatinga
 1732256507 ,2591b26f-06d2-3412-a4b0-cd02890c61df,   -5.155230 ,  -36.919850 ,2024-11-10 16:52:00,Brasil,RIO GRANDE DO NORTE,CARNAUBAIS,Caatinga
 1732256537 ,d484fce8-cd75-3b0b-906c-5676716f6934,   -5.144590 ,  -36.927910 ,2024-11-10 16:52:00,Brasil,RIO GRANDE DO NORTE,CARNAUBAIS,Caatinga
 1732256576 ,702c8259-f677-3af6-8d9f-29f8161ac6b2,   -5.135770 ,  -36.929210 ,2024-11-10 16:52:00,Brasil,RIO GRANDE DO NORTE,CARNAUBAIS,Caatinga
 1732256592 ,71c0b978-8d7e-3d5f-bba9-f5eb384b4558,   -6.328180 ,  -38.476350 ,2024-11-10 16:52:00,Brasil,RIO GRANDE DO NORTE,VENHA-VER,Caatinga
 1732256594 ,59d06094-4e06-31a3-bfd8-48da4caa03b4,   -6.122700 ,  -38.459050 ,2024-11-10 16:52:00,Brasil,RIO GRANDE DO NORTE,DOUTOR SEVERIANO,Caatinga
 1732256600 ,cf44e33c-d8af-3223-8fe7-388d96b58e30,   -5.100350 ,  -36.871510 ,2024-11-10 16:52:00,Brasil,RIO GRANDE DO NORTE,PORTO DO MANGUE,Caatinga
 1732256622 ,0f004aa6-e347-33f5-b879-f93c4ca372a7,   -5.143310 ,  -36.919110 ,2024-11-10 16:52:00,Brasil,RIO GRANDE DO NORTE,CARNAUBAIS,Caatinga
 1732256645 ,10286fb8-b943-3a58-bfa5-f15efc996171,   -5.415760 ,  -35.681750 ,2024-11-10 16:52:00,Brasil,RIO GRANDE DO NORTE,PUREZA,Caatinga
 1732256775 ,b89b61ed-ae01-3011-ac92-55728d2d2276,   -5.145870 ,  -36.936700 ,2024-11-10 16:52:00,Brasil,RIO GRANDE DO NORTE,SERRA DO MEL,Caatinga
 1732256914 ,625f23d5-3f5b-3d1f-8d49-a4bcb904ea5c,   -5.134490 ,  -36.920410 ,2024-11-10 16:52:00,Brasil,RIO GRANDE DO NORTE,PORTO DO MANGUE,Caatinga
 1732541759 ,bae463fe-2442-3c9d-829a-a9e46073a783,   -5.600830 ,  -35.414460 ,2024-11-12 16:34:00,Brasil,RIO GRANDE DO NORTE,CEARÁ-MIRIM,Caatinga
 1732541790 ,0560e5fb-5d07-314c-a74c-3c7e0416cb17,   -5.971820 ,  -37.173130 ,2024-11-12 16:34:00,Brasil,RIO GRANDE DO NORTE,TRIUNFO POTIGUAR,Caatinga
 1732541797 ,9c593e9c-f932-3bc3-a166-462ffe65af05,   -6.135160 ,  -38.445380 ,2024-11-12 16:34:00,Brasil,RIO GRANDE DO NORTE,DOUTOR SEVERIANO,Caatinga
 1732541830 ,73e2f514-0ff2-31df-824c-8e939fc8ae04,   -5.969350 ,  -37.155510 ,2024-11-12 16:34:00,Brasil,RIO GRANDE DO NORTE,TRIUNFO POTIGUAR,Caatinga
 1732541835 ,44debd5d-7416-3d04-9f50-aeef436ce7b0,   -5.635930 ,  -35.445050 ,2024-11-12 16:34:00,Brasil,RIO GRANDE DO NORTE,CEARÁ-MIRIM,Caatinga
 1732698200 ,a412d8c3-44a3-3823-b6d4-017218596b36,   -5.952660 ,  -38.158920 ,2024-11-13 17:13:00,Brasil,RIO GRANDE DO NORTE,SÃO FRANCISCO DO OESTE,Caatinga
 1732698446 ,9dd585c7-c541-3d04-81e7-4515b41562b7,   -6.164920 ,  -38.478680 ,2024-11-13 17:13:00,Brasil,RIO GRANDE DO NORTE,SÃO MIGUEL,Caatinga
 1732698777 ,497928c3-b846-3796-9ced-be3239bfe070,   -6.149260 ,  -38.444340 ,2024-11-13 17:13:00,Brasil,RIO GRANDE DO NORTE,SÃO MIGUEL,Caatinga
 1732698803 ,b53c44c6-a90c-3674-8eff-49682c388a27,   -6.490820 ,  -38.266110 ,2024-11-13 17:13:00,Brasil,RIO GRANDE DO NORTE,PARANÁ,Caatinga
 1732824784 ,5f252fcf-9a2f-3d28-b9ee-117d341a8249,   -5.516590 ,  -35.938680 ,2024-11-14 16:15:00,Brasil,RIO GRANDE DO NORTE,JOÃO CÂMARA,Caatinga
 1732948478 ,f50c020f-6b51-33c0-af47-53cea7538226,   -6.492830 ,  -38.125640 ,2024-11-15 16:54:00,Brasil,RIO GRANDE DO NORTE,TENENTE ANANIAS,Caatinga
 1732948481 ,607baab6-74c7-3ac3-ad4b-9a93570cef0f,   -5.377510 ,  -35.357280 ,2024-11-15 16:54:00,Brasil,RIO GRANDE DO NORTE,RIO DO FOGO,Mata Atlântica
 1732948629 ,ea0a42dc-1201-3ab2-8795-bd2c2f0342cf,   -5.352530 ,  -35.381190 ,2024-11-15 16:54:00,Brasil,RIO GRANDE DO NORTE,RIO DO FOGO,Mata Atlântica
 1732948644 ,e4646c34-4bf2-3e5d-a796-a680a779f296,   -6.267150 ,  -38.484840 ,2024-11-15 16:54:00,Brasil,RIO GRANDE DO NORTE,SÃO MIGUEL,Caatinga
 1732948690 ,ea013904-7fff-3748-80dc-8a4520bf1c81,   -6.401780 ,  -38.201080 ,2024-11-15 16:54:00,Brasil,RIO GRANDE DO NORTE,TENENTE ANANIAS,Caatinga
 1732948755 ,c3b5df0c-af9b-3e7f-894e-b2ebddfa8ef0,   -6.298150 ,  -38.508540 ,2024-11-15 16:54:00,Brasil,RIO GRANDE DO NORTE,VENHA-VER,Caatinga
 1732948791 ,df1ac36d-98e0-3a39-876f-1c2498db69bc,   -5.590030 ,  -37.378880 ,2024-11-15 16:54:00,Brasil,RIO GRANDE DO NORTE,UPANEMA,Caatinga
 1732948814 ,2396760b-2885-3b27-b577-014c25913466,   -5.354000 ,  -35.391030 ,2024-11-15 16:54:00,Brasil,RIO GRANDE DO NORTE,RIO DO FOGO,Mata Atlântica
 1732948819 ,caff3e0f-bddd-32a1-83d5-61d09e3449e8,   -6.364520 ,  -38.388970 ,2024-11-15 16:54:00,Brasil,RIO GRANDE DO NORTE,LUÍS GOMES,Caatinga
 1732948820 ,bd9a4abd-6521-3fdf-a15c-8e47d23610a1,   -6.127790 ,  -38.407770 ,2024-11-15 16:54:00,Brasil,RIO GRANDE DO NORTE,DOUTOR SEVERIANO,Caatinga
 1732948821 ,9a13b5dd-1a86-3660-a9df-f8f289b3d758,   -6.299480 ,  -38.517790 ,2024-11-15 16:54:00,Brasil,RIO GRANDE DO NORTE,VENHA-VER,Caatinga
 1732948851 ,bd3b54d2-c82b-3847-9904-f19f333385b6,   -6.112240 ,  -38.434840 ,2024-11-15 16:54:00,Brasil,RIO GRANDE DO NORTE,DOUTOR SEVERIANO,Caatinga
 1732948929 ,dc7b6e02-163d-3565-87ac-b7bdf1c9d09e,   -5.631670 ,  -35.401200 ,2024-11-15 16:54:00,Brasil,RIO GRANDE DO NORTE,CEARÁ-MIRIM,Caatinga
 1732948948 ,ee575a64-679b-3fdc-a9c5-2bbed5f81743,   -5.995140 ,  -38.128320 ,2024-11-15 16:54:00,Brasil,RIO GRANDE DO NORTE,FRANCISCO DANTAS,Caatinga
 1732949018 ,7e7cdbfb-8718-3251-8da8-01206c7401a0,   -5.369660 ,  -35.368540 ,2024-11-15 16:54:00,Brasil,RIO GRANDE DO NORTE,RIO DO FOGO,Mata Atlântica
 1732949026 ,c15170e7-f7f2-35ab-aa74-ec212f2a46b1,   -6.129070 ,  -38.416810 ,2024-11-15 16:54:00,Brasil,RIO GRANDE DO NORTE,DOUTOR SEVERIANO,Caatinga
 1732949031 ,975d8398-1ac2-3595-b74b-167bd4df7375,   -5.424200 ,  -35.374910 ,2024-11-15 16:54:00,Brasil,RIO GRANDE DO NORTE,MAXARANGUAPE,Mata Atlântica
 1732949050 ,c00d4667-0e5e-3d30-917a-ec6b40249139,   -6.157320 ,  -38.422050 ,2024-11-15 16:54:00,Brasil,RIO GRANDE DO NORTE,DOUTOR SEVERIANO,Caatinga
 1732949055 ,755b11c7-ee53-35d9-a29e-007100bd5253,   -6.176590 ,  -38.428560 ,2024-11-15 16:54:00,Brasil,RIO GRANDE DO NORTE,SÃO MIGUEL,Caatinga
 1732949072 ,ca99095d-e7e2-30f7-815c-9a7b403ce182,   -5.368200 ,  -35.358680 ,2024-11-15 16:54:00,Brasil,RIO GRANDE DO NORTE,RIO DO FOGO,Mata Atlântica
 1732949082 ,9a942ee2-0e15-3960-9836-9fe16b63115e,   -5.201620 ,  -35.733260 ,2024-11-15 16:54:00,Brasil,RIO GRANDE DO NORTE,SÃO MIGUEL DO GOSTOSO,Caatinga
 1732949095 ,23b97a7b-d359-3ceb-a265-c13ec9c6876e,   -6.110930 ,  -38.289500 ,2024-11-15 16:54:00,Brasil,RIO GRANDE DO NORTE,ENCANTO,Caatinga
 1732949096 ,74342b98-563f-3208-b51e-70c0ecac8820,   -5.360360 ,  -35.369940 ,2024-11-15 16:54:00,Brasil,RIO GRANDE DO NORTE,RIO DO FOGO,Mata Atlântica
 1732949121 ,46b0d523-2fd2-3303-b9bf-e91baaf0c1d1,   -6.126580 ,  -37.955600 ,2024-11-15 16:54:00,Brasil,RIO GRANDE DO NORTE,SERRINHA DOS PINTOS,Caatinga
 1732949130 ,734e4c31-3232-365f-af5d-1b7dd3ecdd86,   -5.630220 ,  -35.391430 ,2024-11-15 16:54:00,Brasil,RIO GRANDE DO NORTE,CEARÁ-MIRIM,Caatinga
 1732949141 ,0fdd8f52-a811-33cd-a3af-90436a7cfd30,   -6.127870 ,  -37.964530 ,2024-11-15 16:54:00,Brasil,RIO GRANDE DO NORTE,SERRINHA DOS PINTOS,Caatinga
 1733215123 ,95f4ad2d-4d86-3d73-bbe4-92e94b7c82f5,   -6.106310 ,  -37.412220 ,2024-11-17 16:37:00,Brasil,RIO GRANDE DO NORTE,MESSIAS TARGINO,Caatinga
 1733215204 ,9cbfeacb-b2fb-3899-83d9-2db5e8a2c1eb,   -5.184020 ,  -37.145730 ,2024-11-17 16:37:00,Brasil,RIO GRANDE DO NORTE,SERRA DO MEL,Caatinga
 1733342651 ,be88eddb-a621-34bf-96b2-d0cdb8bf8eda,   -6.321530 ,  -38.555230 ,2024-11-18 17:15:00,Brasil,RIO GRANDE DO NORTE,VENHA-VER,Caatinga
 1733343249 ,08c021e4-c0da-3269-b17a-fb6e24501dd9,   -6.257440 ,  -37.826320 ,2024-11-18 17:15:00,Brasil,RIO GRANDE DO NORTE,JOÃO DIAS,Caatinga
 1733589316 ,8338dab5-46ae-3f0d-9d7b-49c5fef8fe46,   -6.206960 ,  -37.859060 ,2024-11-20 16:56:00,Brasil,RIO GRANDE DO NORTE,ANTÔNIO MARTINS,Caatinga
 1733589358 ,56d1ea34-f9f9-3dd9-b151-5c1e57649f2d,   -6.137800 ,  -38.469390 ,2024-11-20 16:56:00,Brasil,RIO GRANDE DO NORTE,SÃO MIGUEL,Caatinga
 1733589391 ,9190e828-32da-3f05-849e-0e6aefa766ad,   -5.144820 ,  -37.612510 ,2024-11-20 16:56:00,Brasil,RIO GRANDE DO NORTE,BARAÚNA,Caatinga
 1733589450 ,b69edb26-b06c-30d2-92a3-6ee382b21ef4,   -6.143860 ,  -38.323320 ,2024-11-20 16:56:00,Brasil,RIO GRANDE DO NORTE,ENCANTO,Caatinga
 1733589477 ,935e25a0-faa8-3a09-9db7-2ef84d1941fc,   -6.264530 ,  -38.257120 ,2024-11-20 16:56:00,Brasil,RIO GRANDE DO NORTE,RIACHO DE SANTANA,Caatinga
 1733589535 ,8928b9a7-335c-380a-ad80-d27ffe567c31,   -6.136520 ,  -38.460480 ,2024-11-20 16:56:00,Brasil,RIO GRANDE DO NORTE,SÃO MIGUEL,Caatinga
 1733589566 ,c2cd0295-5a1c-3d57-8efa-342aef3aff55,   -5.985400 ,  -37.685550 ,2024-11-20 16:56:00,Brasil,RIO GRANDE DO NORTE,OLHO D'ÁGUA DO BORGES,Caatinga
 1733589615 ,e2e542f5-1112-33ce-b01d-4ced125d2843,   -6.205680 ,  -37.850240 ,2024-11-20 16:56:00,Brasil,RIO GRANDE DO NORTE,ANTÔNIO MARTINS,Caatinga
 1733589643 ,89b4ec72-971f-3738-bf73-5d765b3c98b8,   -6.329640 ,  -38.520660 ,2024-11-20 16:56:00,Brasil,RIO GRANDE DO NORTE,VENHA-VER,Caatinga
 1733589801 ,e171bc1e-4dfd-3570-a756-002de4b76df9,   -6.387610 ,  -38.224210 ,2024-11-20 16:56:00,Brasil,RIO GRANDE DO NORTE,TENENTE ANANIAS,Caatinga
 1733589802 ,dfacbb38-4873-326e-b8d7-05341314b3dc,   -5.986680 ,  -37.694360 ,2024-11-20 16:56:00,Brasil,RIO GRANDE DO NORTE,OLHO D'ÁGUA DO BORGES,Caatinga
 1733589883 ,3b90a002-eec3-36dd-8edd-0365afd454aa,   -6.180880 ,  -38.454030 ,2024-11-20 16:56:00,Brasil,RIO GRANDE DO NORTE,SÃO MIGUEL,Caatinga
 1733589884 ,1b4ca5cc-3ab3-3808-9856-e972c1f159f6,   -5.765690 ,  -37.568240 ,2024-11-20 16:56:00,Brasil,RIO GRANDE DO NORTE,CARAÚBAS,Caatinga
 1733589935 ,6606ac52-adeb-39d4-9c5d-62fafd1aa8e4,   -6.146950 ,  -36.016020 ,2024-11-20 16:56:00,Brasil,RIO GRANDE DO NORTE,SANTA CRUZ,Caatinga
 1733590045 ,c70e1dcc-b121-316e-84f9-8c64d12e3dce,   -6.204400 ,  -37.841430 ,2024-11-20 16:56:00,Brasil,RIO GRANDE DO NORTE,ANTÔNIO MARTINS,Caatinga
 1733590057 ,c227590a-dc82-318d-bd9f-a2299007993d,   -5.362650 ,  -36.889130 ,2024-11-20 16:56:00,Brasil,RIO GRANDE DO NORTE,CARNAUBAIS,Caatinga
 1733826980 ,c15ec913-999b-34e6-b306-372c4f700df4,   -6.207960 ,  -38.344850 ,2024-11-22 16:39:00,Brasil,RIO GRANDE DO NORTE,ÁGUA NOVA,Caatinga
 1733827002 ,f1bf9ba9-5738-3482-891b-69b1f91db4c7,   -5.186730 ,  -35.832150 ,2024-11-22 16:39:00,Brasil,RIO GRANDE DO NORTE,PEDRA GRANDE,Caatinga
 1733827021 ,179f2b29-2c5e-34be-bcdd-677e2c70565a,   -6.323090 ,  -35.263290 ,2024-11-22 16:39:00,Brasil,RIO GRANDE DO NORTE,GOIANINHA,Mata Atlântica
 1733827022 ,56d1ad76-d7da-33c8-872a-011809df8046,   -6.327340 ,  -35.257100 ,2024-11-22 16:39:00,Brasil,RIO GRANDE DO NORTE,GOIANINHA,Mata Atlântica
 1733827098 ,cbc6fb90-c2ec-3f8d-b3e4-7668dbecbc2e,   -6.241790 ,  -38.507110 ,2024-11-22 16:39:00,Brasil,RIO GRANDE DO NORTE,SÃO MIGUEL,Caatinga
 1733827137 ,f4d2cedc-facc-3122-b6be-9d4d4faa4314,   -6.301380 ,  -35.245920 ,2024-11-22 16:39:00,Brasil,RIO GRANDE DO NORTE,GOIANINHA,Mata Atlântica
 1733827151 ,cab7f580-c07d-381c-a037-765ea3b096f2,   -5.188240 ,  -35.842650 ,2024-11-22 16:39:00,Brasil,RIO GRANDE DO NORTE,PEDRA GRANDE,Caatinga
 1733827235 ,7c30f964-64ee-38d3-815e-f41e8f05dc8b,   -6.321630 ,  -35.253200 ,2024-11-22 16:39:00,Brasil,RIO GRANDE DO NORTE,GOIANINHA,Mata Atlântica
 1733827285 ,e4c5482f-9936-3d9a-ac70-5fb8eddd12ac,   -6.149600 ,  -37.742210 ,2024-11-22 16:39:00,Brasil,RIO GRANDE DO NORTE,ALMINO AFONSO,Caatinga
 1733827297 ,624d27ee-4907-306a-9aed-5f9c1b61e708,   -6.236150 ,  -38.512280 ,2024-11-22 16:39:00,Brasil,RIO GRANDE DO NORTE,SÃO MIGUEL,Caatinga
 1733972124 ,bc001fe5-fd8e-31be-8def-b54e59ac2148,   -6.420000 ,  -38.348030 ,2024-11-23 17:19:00,Brasil,RIO GRANDE DO NORTE,LUÍS GOMES,Caatinga
 1733972417 ,d1c9e3e4-02f8-3904-b9ce-688c30db2acc,   -6.066920 ,  -36.734840 ,2024-11-23 17:19:00,Brasil,RIO GRANDE DO NORTE,FLORÂNIA,Caatinga
 1733972554 ,cb420919-1334-3b0f-b9b5-e8220429f5f9,   -6.159260 ,  -38.454320 ,2024-11-23 17:19:00,Brasil,RIO GRANDE DO NORTE,SÃO MIGUEL,Caatinga
 1733972670 ,98444354-8797-326d-b147-f757132db509,   -6.416130 ,  -38.340820 ,2024-11-23 17:19:00,Brasil,RIO GRANDE DO NORTE,LUÍS GOMES,Caatinga
 1733972701 ,db45b534-f346-3cee-a768-5a780fdbc8e5,   -6.069540 ,  -36.748670 ,2024-11-23 17:19:00,Brasil,RIO GRANDE DO NORTE,FLORÂNIA,Caatinga
 1733972727 ,9fd619f1-66de-354b-9e38-614b6265233d,   -6.161530 ,  -38.468600 ,2024-11-23 17:19:00,Brasil,RIO GRANDE DO NORTE,SÃO MIGUEL,Caatinga
 1733972781 ,fc1310e1-4f8c-3836-9f9e-c4d39c524c90,   -6.158720 ,  -38.460110 ,2024-11-23 17:19:00,Brasil,RIO GRANDE DO NORTE,SÃO MIGUEL,Caatinga
 1733972856 ,892ccf7f-1cdf-32a4-b0a4-ec3a03bdb6ed,   -5.418360 ,  -37.618800 ,2024-11-23 17:19:00,Brasil,RIO GRANDE DO NORTE,GOVERNADOR DIX-SEPT ROSADO,Caatinga
 1733972927 ,c4a77b8f-2956-3112-84f0-6b4259b53083,   -6.143450 ,  -38.433510 ,2024-11-23 17:19:00,Brasil,RIO GRANDE DO NORTE,DOUTOR SEVERIANO,Caatinga
 1734217350 ,68e4e999-c008-39ff-a200-51a6a253c716,   -6.461640 ,  -35.395810 ,2024-11-25 16:58:00,Brasil,RIO GRANDE DO NORTE,NOVA CRUZ,Caatinga
 1734217355 ,02beb2ba-b1f5-3c42-9843-44aad3f29958,   -6.324470 ,  -37.242000 ,2024-11-25 16:58:00,Brasil,RIO GRANDE DO NORTE,JARDIM DE PIRANHAS,Caatinga
 1734217380 ,020e5a4e-19b5-3594-b4bf-19a0984216fb,   -5.353550 ,  -36.980100 ,2024-11-25 17:00:00,Brasil,RIO GRANDE DO NORTE,AÇU,Caatinga
 1734217538 ,5f266dff-8014-30bd-a070-532ca4887c4d,   -5.343100 ,  -36.972100 ,2024-11-25 17:00:00,Brasil,RIO GRANDE DO NORTE,AÇU,Caatinga
 1734217590 ,96b06713-e77b-3783-bcaa-de38db000ef3,   -5.344480 ,  -36.981420 ,2024-11-25 17:00:00,Brasil,RIO GRANDE DO NORTE,AÇU,Caatinga
 1734217624 ,5a147a37-3c48-3369-b70a-255f4ad677ca,   -5.536560 ,  -35.318780 ,2024-11-25 16:58:00,Brasil,RIO GRANDE DO NORTE,CEARÁ-MIRIM,Mata Atlântica
 1734217685 ,743c3e03-4d3d-3165-a1ed-07b2fb7742c8,   -5.352160 ,  -36.970770 ,2024-11-25 17:00:00,Brasil,RIO GRANDE DO NORTE,AÇU,Caatinga
 1734217708 ,277919d0-5bec-39d5-83ca-95c5f2a6a156,   -5.310520 ,  -37.058970 ,2024-11-25 17:00:00,Brasil,RIO GRANDE DO NORTE,AÇU,Caatinga
 1734217794 ,1a640c83-40ce-39a1-94a5-facdb7572284,   -6.540080 ,  -37.390870 ,2024-11-25 16:58:00,Brasil,RIO GRANDE DO NORTE,SERRA NEGRA DO NORTE,Caatinga
 1734217818 ,aa6228a0-024f-3808-8163-130987713576,   -5.309160 ,  -37.049690 ,2024-11-25 17:00:00,Brasil,RIO GRANDE DO NORTE,AÇU,Caatinga
 1734900921 ,254ec240-2be7-35f2-ad9d-0b90ab3d4e25,   -6.078120 ,  -38.392200 ,2024-11-30 17:02:00,Brasil,RIO GRANDE DO NORTE,DOUTOR SEVERIANO,Caatinga
 1734900927 ,473dc29b-c562-3ed7-8908-600579b6f601,   -6.568230 ,  -37.394500 ,2024-11-30 17:02:00,Brasil,RIO GRANDE DO NORTE,SERRA NEGRA DO NORTE,Caatinga
 1734900983 ,183a09da-f31e-399b-b646-d3fb6acc5a1e,   -6.282500 ,  -37.833670 ,2024-11-30 17:02:00,Brasil,RIO GRANDE DO NORTE,JOÃO DIAS,Caatinga
 1734901066 ,56a793ef-0eb8-3071-8ff3-84e562726857,   -6.092130 ,  -38.426280 ,2024-11-30 17:02:00,Brasil,RIO GRANDE DO NORTE,DOUTOR SEVERIANO,Caatinga
 1734901120 ,49674e2b-ad7a-3178-803c-6614f3efe568,   -6.647760 ,  -37.373180 ,2024-11-30 17:02:00,Brasil,RIO GRANDE DO NORTE,SERRA NEGRA DO NORTE,Caatinga
 1734901146 ,e18ed84b-972b-349c-a428-ab83230eda4f,   -6.244170 ,  -38.523250 ,2024-11-30 17:02:00,Brasil,RIO GRANDE DO NORTE,SÃO MIGUEL,Caatinga
 1734901151 ,a2b6a5d2-c73e-3a6a-a521-5faead0ffff8,   -5.973050 ,  -38.177960 ,2024-11-30 17:02:00,Brasil,RIO GRANDE DO NORTE,SÃO FRANCISCO DO OESTE,Caatinga
 1734901192 ,0599cc17-b333-3ce5-a725-02754480dade,   -6.569600 ,  -37.403700 ,2024-11-30 17:02:00,Brasil,RIO GRANDE DO NORTE,SERRA NEGRA DO NORTE,Caatinga
 1734901257 ,3b7a2680-4e7c-34ce-bb9b-5d04dd107322,   -6.283820 ,  -37.842590 ,2024-11-30 17:02:00,Brasil,RIO GRANDE DO NORTE,JOÃO DIAS,Caatinga
 1734901261 ,07e49620-0e16-3d39-91d0-a1b6e60fc82e,   -5.474150 ,  -36.813700 ,2024-11-30 17:02:00,Brasil,RIO GRANDE DO NORTE,IPANGUAÇU,Caatinga
 1734901473 ,1da0b0b0-38a4-3a40-9b81-a766e93401f0,   -6.083300 ,  -38.427570 ,2024-11-30 17:02:00,Brasil,RIO GRANDE DO NORTE,DOUTOR SEVERIANO,Caatinga
 1734901487 ,c2220769-5fa3-39a6-ab0c-fcd54f553497,   -5.981910 ,  -38.176640 ,2024-11-30 17:02:00,Brasil,RIO GRANDE DO NORTE,SÃO FRANCISCO DO OESTE,Caatinga
 1735154691 ,44fda669-d359-33a6-945b-e95704f5dca1,   -6.539620 ,  -37.270400 ,2024-12-02 16:43:00,Brasil,RIO GRANDE DO NORTE,SERRA NEGRA DO NORTE,Caatinga
 1735154726 ,0950b306-42f8-3d15-b37f-758efc2dd068,   -5.279960 ,  -37.119820 ,2024-12-02 16:43:00,Brasil,RIO GRANDE DO NORTE,SERRA DO MEL,Caatinga
 1735154743 ,90a5ee24-8a87-3cfb-92e8-f5765ef4ef0f,   -6.529500 ,  -37.271890 ,2024-12-02 16:43:00,Brasil,RIO GRANDE DO NORTE,SERRA NEGRA DO NORTE,Caatinga
 1735154753 ,42affa22-d42d-334b-8e9f-f034d2ab7bb1,   -6.334730 ,  -38.497520 ,2024-12-02 16:43:00,Brasil,RIO GRANDE DO NORTE,VENHA-VER,Caatinga
 1735154781 ,8b183fff-91e0-3590-ab2f-933171ae09c3,   -6.127370 ,  -37.990250 ,2024-12-02 16:43:00,Brasil,RIO GRANDE DO NORTE,SERRINHA DOS PINTOS,Caatinga
 1735154804 ,3e1aacd7-9421-36b7-9371-85303a7d9926,   -5.278390 ,  -37.108730 ,2024-12-02 16:43:00,Brasil,RIO GRANDE DO NORTE,SERRA DO MEL,Caatinga
 1735154844 ,f02fb7ac-cc24-3cc0-9faf-0f37251cdfdb,   -5.306470 ,  -35.684310 ,2024-12-02 16:43:00,Brasil,RIO GRANDE DO NORTE,TOUROS,Caatinga
 1735154846 ,39cddf50-65e1-375b-b572-e15a5653a845,   -6.336720 ,  -38.511660 ,2024-12-02 16:43:00,Brasil,RIO GRANDE DO NORTE,VENHA-VER,Caatinga
 1735154864 ,6001865f-2de0-3e51-8689-afe94f2c902f,   -5.315740 ,  -35.686070 ,2024-12-02 16:43:00,Brasil,RIO GRANDE DO NORTE,TOUROS,Caatinga
 1734613234 ,e7f57b2f-3fcb-3868-95eb-2d26e26ebc6c,   -6.033670 ,  -38.131900 ,2024-11-28 17:19:00,Brasil,RIO GRANDE DO NORTE,FRANCISCO DANTAS,Caatinga
 1734613375 ,f2180fef-0b1d-3643-af2b-15729f84e178,   -6.031240 ,  -38.116340 ,2024-11-28 17:19:00,Brasil,RIO GRANDE DO NORTE,FRANCISCO DANTAS,Caatinga
 1734613511 ,bb403954-4289-38c1-9d83-5cc69b1f6e5c,   -6.246410 ,  -38.536770 ,2024-11-28 17:19:00,Brasil,RIO GRANDE DO NORTE,SÃO MIGUEL,Caatinga
 1734475976 ,5f87c7d0-a652-3003-90f8-d9cdb0893c66,   -6.148210 ,  -38.258020 ,2024-11-27 16:41:00,Brasil,RIO GRANDE DO NORTE,ENCANTO,Caatinga
 1734475985 ,08a6c75c-129a-33e8-a174-9e22c63ec4fd,   -5.992840 ,  -35.371050 ,2024-11-27 16:41:00,Brasil,RIO GRANDE DO NORTE,SÃO JOSÉ DE MIPIBU,Caatinga
 1734476025 ,1cea811b-9fe6-3b88-b329-53fccd9704ec,   -6.073250 ,  -35.876340 ,2024-11-27 16:41:00,Brasil,RIO GRANDE DO NORTE,SÍTIO NOVO,Caatinga
 1734476043 ,87b9062e-35a9-3a3b-a4a8-2a4e1725a32f,   -6.192580 ,  -35.280630 ,2024-11-27 16:41:00,Brasil,RIO GRANDE DO NORTE,ARÊS,Mata Atlântica
 1734476047 ,11a5ee4f-0b96-302b-8e45-6e595bd660f1,   -5.174490 ,  -36.135220 ,2024-11-27 16:41:00,Brasil,RIO GRANDE DO NORTE,GALINHOS,Caatinga
 1734476067 ,77bf443c-586d-3d16-9c6f-ebeae18a16a9,   -6.310380 ,  -38.520230 ,2024-11-27 16:41:00,Brasil,RIO GRANDE DO NORTE,VENHA-VER,Caatinga
 1734476099 ,fce95d41-077a-332b-8dda-0518f8cae822,   -6.193950 ,  -35.290280 ,2024-11-27 16:41:00,Brasil,RIO GRANDE DO NORTE,SÃO JOSÉ DE MIPIBU,Mata Atlântica
 1734476100 ,897eda51-5ea3-3f68-9fd4-d19fd0041d1d,   -5.425200 ,  -37.606400 ,2024-11-27 16:41:00,Brasil,RIO GRANDE DO NORTE,GOVERNADOR DIX-SEPT ROSADO,Caatinga
 1734476174 ,c5b0396b-a371-362f-86db-67c7c0ca9a48,   -5.383520 ,  -35.620220 ,2024-11-27 16:41:00,Brasil,RIO GRANDE DO NORTE,PUREZA,Caatinga
 1734476180 ,20ea0ebb-9c26-34ae-88ad-2ced18d2d5d4,   -5.426990 ,  -37.619180 ,2024-11-27 16:41:00,Brasil,RIO GRANDE DO NORTE,GOVERNADOR DIX-SEPT ROSADO,Caatinga
 1734476219 ,d0b7b1bb-1285-3b40-93bb-f76bd7524d88,   -5.991480 ,  -35.361390 ,2024-11-27 16:41:00,Brasil,RIO GRANDE DO NORTE,SÃO JOSÉ DE MIPIBU,Caatinga
 1734476237 ,ce1a6ba3-0dc7-38e8-a904-9359b1299056,   -5.308940 ,  -37.072030 ,2024-11-27 16:41:00,Brasil,RIO GRANDE DO NORTE,AÇU,Caatinga
 1734476246 ,72c7b6b5-ceb9-311b-85bc-110df5f18e0a,   -5.341330 ,  -35.642940 ,2024-11-27 16:41:00,Brasil,RIO GRANDE DO NORTE,PUREZA,Caatinga
 1734476247 ,48d64e04-4035-3ac6-ac9a-1d8bac8c94ef,   -5.402260 ,  -36.713450 ,2024-11-27 16:41:00,Brasil,RIO GRANDE DO NORTE,AFONSO BEZERRA,Caatinga
 1734476263 ,59abaaba-ef0f-3179-8ac2-ac1ad1085f45,   -5.603620 ,  -35.408210 ,2024-11-27 16:41:00,Brasil,RIO GRANDE DO NORTE,CEARÁ-MIRIM,Caatinga
 1734476318 ,370750fa-525e-36cf-8a2d-c70248887ee0,   -5.382150 ,  -35.610470 ,2024-11-27 16:41:00,Brasil,RIO GRANDE DO NORTE,PUREZA,Caatinga
 1735762542 ,7be47166-32cb-3c7e-b0cd-34b60fb2edf9,   -5.345610 ,  -35.714400 ,2024-12-07 16:45:00,Brasil,RIO GRANDE DO NORTE,TOUROS,Caatinga
 1735762563 ,4d41497b-415f-3eb8-8f05-f638d4a4b0ca,   -5.657190 ,  -35.255370 ,2024-12-07 16:45:00,Brasil,RIO GRANDE DO NORTE,EXTREMOZ,Mata Atlântica
 1735762575 ,30a1ec7d-b9fb-3720-8f9c-8ce53562b5c2,   -5.196260 ,  -35.760800 ,2024-12-07 16:45:00,Brasil,RIO GRANDE DO NORTE,SÃO MIGUEL DO GOSTOSO,Caatinga
 1735762581 ,28992d8b-0d04-39c2-8608-bdc1bdd5d118,   -5.344280 ,  -35.705240 ,2024-12-07 16:45:00,Brasil,RIO GRANDE DO NORTE,TOUROS,Caatinga
 1735762589 ,75e55c08-0b37-3608-9ab7-96db7710e508,   -6.336980 ,  -38.358600 ,2024-12-07 16:45:00,Brasil,RIO GRANDE DO NORTE,LUÍS GOMES,Caatinga
 1735762609 ,9df1122e-4816-3e5e-a01d-fd6792cf695c,   -5.194950 ,  -35.751620 ,2024-12-07 16:45:00,Brasil,RIO GRANDE DO NORTE,SÃO MIGUEL DO GOSTOSO,Caatinga
 1735762647 ,38c3d1e7-0cc6-3479-831b-42fe4e43019c,   -6.236320 ,  -37.860280 ,2024-12-07 16:45:00,Brasil,RIO GRANDE DO NORTE,ANTÔNIO MARTINS,Caatinga
 1736054594 ,869ba65b-30ba-3661-bf23-74de150913b1,   -6.463700 ,  -35.390960 ,2024-12-09 16:26:00,Brasil,RIO GRANDE DO NORTE,NOVA CRUZ,Caatinga
 1736224438 ,3af00028-1fc5-36ed-9e01-b9f77da9e335,   -6.325700 ,  -38.580010 ,2024-12-10 17:04:00,Brasil,RIO GRANDE DO NORTE,VENHA-VER,Caatinga
 1736224482 ,3a9d14ec-4ee4-3fa5-880d-69f08172546b,   -6.246650 ,  -38.542370 ,2024-12-10 17:04:00,Brasil,RIO GRANDE DO NORTE,SÃO MIGUEL,Caatinga
 1736224530 ,0f0fe0ea-a157-3c2a-b73b-d3cbe6536ed6,   -5.902910 ,  -37.595190 ,2024-12-10 17:04:00,Brasil,RIO GRANDE DO NORTE,CARAÚBAS,Caatinga
 1736224583 ,27ce914c-572b-363b-b7f7-9356ed93f5ac,   -5.459940 ,  -36.028920 ,2024-12-10 17:06:00,Brasil,RIO GRANDE DO NORTE,PEDRA PRETA,Caatinga
 1736224651 ,59e6babd-5d22-3220-9353-35b87c336aa8,   -5.658960 ,  -35.464610 ,2024-12-10 17:04:00,Brasil,RIO GRANDE DO NORTE,CEARÁ-MIRIM,Caatinga
 1736224693 ,fd72d1d0-33f5-3960-9881-c063e1c0e1a8,   -5.260340 ,  -36.939890 ,2024-12-10 17:06:00,Brasil,RIO GRANDE DO NORTE,SERRA DO MEL,Caatinga
 1736224717 ,d8df9b3b-7954-35d4-b8c8-6febece4faaf,   -6.255550 ,  -38.541000 ,2024-12-10 17:04:00,Brasil,RIO GRANDE DO NORTE,SÃO MIGUEL,Caatinga
 1736224734 ,5fcf7351-2e32-3020-bce2-e615f7b29002,   -5.461790 ,  -36.040900 ,2024-12-10 17:06:00,Brasil,RIO GRANDE DO NORTE,PEDRA PRETA,Caatinga
 1736224763 ,93818212-8e4e-37a0-b92d-6344af51ab7b,   -5.366630 ,  -36.972410 ,2024-12-10 17:06:00,Brasil,RIO GRANDE DO NORTE,AÇU,Caatinga
 1736224830 ,9eded4b0-f2b1-3b89-8acb-1f84f420ae8a,   -5.250700 ,  -36.941410 ,2024-12-10 17:06:00,Brasil,RIO GRANDE DO NORTE,SERRA DO MEL,Caatinga
 1736224876 ,ff6f3778-e72f-3d34-bf8e-f4649f56eb52,   -5.661010 ,  -35.477730 ,2024-12-10 17:04:00,Brasil,RIO GRANDE DO NORTE,CEARÁ-MIRIM,Caatinga
 1736224897 ,2c4be82a-7ab8-3ae0-8233-604c2304aa3a,   -6.087960 ,  -38.406040 ,2024-12-10 17:04:00,Brasil,RIO GRANDE DO NORTE,DOUTOR SEVERIANO,Caatinga
 1736224907 ,a15fc9ec-808d-3217-9e58-a5fd9957b72d,   -6.104730 ,  -38.272220 ,2024-12-10 17:04:00,Brasil,RIO GRANDE DO NORTE,ENCANTO,Caatinga
 1736224940 ,ff152e7a-1c4f-3f69-9571-2edec2312bbd,   -6.143100 ,  -37.966840 ,2024-12-10 17:04:00,Brasil,RIO GRANDE DO NORTE,SERRINHA DOS PINTOS,Caatinga
 1736225002 ,26d07843-ca4a-3897-aaba-47cbe3a20933,   -6.142740 ,  -35.464550 ,2024-12-10 17:04:00,Brasil,RIO GRANDE DO NORTE,LAGOA SALGADA,Caatinga
 1736225075 ,ec9baefb-9304-3db5-875f-e5bf6be40e6f,   -6.151290 ,  -35.450050 ,2024-12-10 17:04:00,Brasil,RIO GRANDE DO NORTE,LAGOA SALGADA,Caatinga
 1736225100 ,8dd4dfba-2d32-3dd7-abde-19626c4192a0,   -5.216870 ,  -35.768600 ,2024-12-10 17:06:00,Brasil,RIO GRANDE DO NORTE,SÃO MIGUEL DO GOSTOSO,Caatinga
 1736225107 ,f90d0128-f91b-336c-95c0-bd59c8a25296,   -6.153260 ,  -38.220810 ,2024-12-10 17:04:00,Brasil,RIO GRANDE DO NORTE,PAU DOS FERROS,Caatinga
 1736225165 ,3aea4260-a6c8-3374-83da-8bda5705acfd,   -5.258730 ,  -36.929200 ,2024-12-10 17:06:00,Brasil,RIO GRANDE DO NORTE,SERRA DO MEL,Caatinga
 1736225179 ,bf9c146a-1bca-3d69-9fe0-5277daad9114,   -6.152320 ,  -38.470700 ,2024-12-10 17:04:00,Brasil,RIO GRANDE DO NORTE,SÃO MIGUEL,Caatinga
 1736225213 ,ee4e9ddf-a530-3754-b0fb-d8687c16b74e,   -6.245330 ,  -38.533350 ,2024-12-10 17:04:00,Brasil,RIO GRANDE DO NORTE,SÃO MIGUEL,Caatinga
 1736225265 ,14a620a5-f24b-3f6c-bf2d-d517698a800d,   -6.089320 ,  -38.415180 ,2024-12-10 17:04:00,Brasil,RIO GRANDE DO NORTE,DOUTOR SEVERIANO,Caatinga
 1736225293 ,380dd533-7c93-3eaa-b21d-83cfe6dd66c6,   -6.153280 ,  -35.463010 ,2024-12-10 17:04:00,Brasil,RIO GRANDE DO NORTE,LAGOA SALGADA,Caatinga
 1736225332 ,e622dbb5-7b9a-357b-b207-f092331782bf,   -6.181970 ,  -38.413280 ,2024-12-10 17:04:00,Brasil,RIO GRANDE DO NORTE,SÃO MIGUEL,Caatinga
 1736225334 ,8e1d26fa-b9fa-32c4-a94e-acb3b17a24d1,   -5.260920 ,  -37.370590 ,2024-12-10 17:06:00,Brasil,RIO GRANDE DO NORTE,MOSSORÓ,Caatinga
 1736225349 ,a70a2813-3190-325d-88fd-c8b5b37c2b90,   -5.249090 ,  -36.930770 ,2024-12-10 17:06:00,Brasil,RIO GRANDE DO NORTE,SERRA DO MEL,Caatinga
 1736225398 ,6807be66-e7a7-308a-b51b-22b62e722e56,   -6.334590 ,  -38.578650 ,2024-12-10 17:04:00,Brasil,RIO GRANDE DO NORTE,VENHA-VER,Caatinga
 1736225505 ,41b7483b-10e5-304c-bae0-cbd10a56672e,   -5.955450 ,  -36.319280 ,2024-12-10 17:04:00,Brasil,RIO GRANDE DO NORTE,CERRO CORÁ,Caatinga
 1736225507 ,da370ff5-303e-3720-a9f0-eb7d7daedb10,   -6.323950 ,  -38.506490 ,2024-12-10 17:04:00,Brasil,RIO GRANDE DO NORTE,VENHA-VER,Caatinga
 1736225532 ,367228b2-5751-3b7f-aedf-cad5292f8452,   -5.365040 ,  -36.961780 ,2024-12-10 17:06:00,Brasil,RIO GRANDE DO NORTE,AÇU,Caatinga
 1736225577 ,b8b6d83b-3aa0-3dd9-b058-62ed1db185cb,   -6.140740 ,  -35.451600 ,2024-12-10 17:04:00,Brasil,RIO GRANDE DO NORTE,LAGOA SALGADA,Caatinga
 1736225599 ,867aa0de-d2ae-34d2-92a5-44d4886db869,   -6.254220 ,  -38.531890 ,2024-12-10 17:04:00,Brasil,RIO GRANDE DO NORTE,SÃO MIGUEL,Caatinga
 1736225666 ,acfd0b72-4d69-3937-b33c-0e79f01dc33d,   -6.144710 ,  -35.477370 ,2024-12-10 17:04:00,Brasil,RIO GRANDE DO NORTE,LAGOA SALGADA,Caatinga
 1736464102 ,61f3b1eb-d869-3efd-b492-ee8aec7bce34,   -5.592070 ,  -35.885540 ,2024-12-12 16:47:00,Brasil,RIO GRANDE DO NORTE,JOÃO CÂMARA,Caatinga
 1736464153 ,42a63ebd-eba3-3c03-bc17-4a4f7f94d0fd,   -5.978670 ,  -38.051960 ,2024-12-12 16:47:00,Brasil,RIO GRANDE DO NORTE,TABOLEIRO GRANDE,Caatinga
 1736464192 ,a6251891-f265-39c2-b823-ed2b61d580fa,   -6.095940 ,  -38.296290 ,2024-12-12 16:47:00,Brasil,RIO GRANDE DO NORTE,ENCANTO,Caatinga
 1736464203 ,61549400-2d54-381a-8699-7cd3a61bf978,   -5.991130 ,  -38.067340 ,2024-12-12 16:47:00,Brasil,RIO GRANDE DO NORTE,TABOLEIRO GRANDE,Caatinga
 1736464212 ,b959a8a0-7019-3e57-86c8-c89f0f78402f,   -6.207490 ,  -38.380370 ,2024-12-12 16:47:00,Brasil,RIO GRANDE DO NORTE,CORONEL JOÃO PESSOA,Caatinga
 1736464219 ,976cde94-167d-36a6-9297-1e1d5cbf86a0,   -6.016270 ,  -37.169730 ,2024-12-12 16:47:00,Brasil,RIO GRANDE DO NORTE,AUGUSTO SEVERO,Caatinga
 1736464232 ,4bd7bd34-b456-3bd0-8699-d81b716ad928,   -5.300470 ,  -35.650860 ,2024-12-12 16:47:00,Brasil,RIO GRANDE DO NORTE,TOUROS,Caatinga
 1736464258 ,09c22d72-2c5a-312e-be35-7e7cad74769f,   -5.428510 ,  -37.846020 ,2024-12-12 16:47:00,Brasil,RIO GRANDE DO NORTE,APODI,Caatinga
 1736464286 ,cfe80cbf-56a5-32d7-a391-59635b14d60d,   -5.989520 ,  -38.055680 ,2024-12-12 16:47:00,Brasil,RIO GRANDE DO NORTE,TABOLEIRO GRANDE,Caatinga
 1736464308 ,ba46c916-7707-3244-97aa-eccdcc5faa1e,   -6.102800 ,  -38.418400 ,2024-12-12 16:47:00,Brasil,RIO GRANDE DO NORTE,DOUTOR SEVERIANO,Caatinga
 1736464346 ,adef99a2-3e23-380b-9279-31cca9fb3cce,   -6.483790 ,  -38.311120 ,2024-12-12 16:47:00,Brasil,RIO GRANDE DO NORTE,PARANÁ,Caatinga
 1736464352 ,6badb74c-45a2-3143-9d2f-568cc73189b7,   -4.925910 ,  -37.550930 ,2024-12-12 16:47:00,Brasil,RIO GRANDE DO NORTE,BARAÚNA,Caatinga
 1736464359 ,fcd77f75-d7e9-32bb-a975-c140415a893b,   -5.979460 ,  -38.057320 ,2024-12-12 16:47:00,Brasil,RIO GRANDE DO NORTE,TABOLEIRO GRANDE,Caatinga
 1736464426 ,f2e6c352-99e4-382f-b276-30f6686a275f,   -5.301770 ,  -35.659820 ,2024-12-12 16:47:00,Brasil,RIO GRANDE DO NORTE,TOUROS,Caatinga
 1736464458 ,6f82eb8c-f673-3cb9-a1ca-0a5913cdc9ac,   -5.417100 ,  -37.836320 ,2024-12-12 16:47:00,Brasil,RIO GRANDE DO NORTE,APODI,Caatinga
 1736464478 ,f36be9f9-3060-3594-816c-b6a7c98e02d9,   -6.304740 ,  -38.545030 ,2024-12-12 16:47:00,Brasil,RIO GRANDE DO NORTE,VENHA-VER,Caatinga
 1736464481 ,d14534f6-3eb6-31b8-a5cd-2d1eb022271e,   -6.172950 ,  -37.759380 ,2024-12-12 16:47:00,Brasil,RIO GRANDE DO NORTE,ALMINO AFONSO,Caatinga
 1736464491 ,43d9a902-bc5b-3545-89f8-a4162cbd2006,   -6.320570 ,  -38.581070 ,2024-12-12 16:47:00,Brasil,RIO GRANDE DO NORTE,VENHA-VER,Caatinga
 1736464515 ,76a8ea15-a1fc-3109-9280-af03aece350e,   -6.209090 ,  -38.373890 ,2024-12-12 16:47:00,Brasil,RIO GRANDE DO NORTE,CORONEL JOÃO PESSOA,Caatinga
 1736464537 ,5837446a-6e28-34b1-8f73-3956b66b2ff0,   -6.094220 ,  -38.284200 ,2024-12-12 16:47:00,Brasil,RIO GRANDE DO NORTE,ENCANTO,Caatinga
 1736464550 ,51c71636-bd59-3210-aa6b-23404c3a1e87,   -6.174580 ,  -38.428720 ,2024-12-12 16:47:00,Brasil,RIO GRANDE DO NORTE,SÃO MIGUEL,Caatinga
 1736464553 ,b7243dd0-901f-3b90-b2c8-49b976c92727,   -5.590770 ,  -35.876450 ,2024-12-12 16:47:00,Brasil,RIO GRANDE DO NORTE,JOÃO CÂMARA,Caatinga
 1736464576 ,af1d0fd8-ee0f-39aa-bf97-6c38acac1aa0,   -5.303200 ,  -35.732980 ,2024-12-12 16:47:00,Brasil,RIO GRANDE DO NORTE,TOUROS,Caatinga
 1736464585 ,019ff600-4066-33ef-8521-eb53a20581fc,   -4.937020 ,  -37.560090 ,2024-12-12 16:47:00,Brasil,RIO GRANDE DO NORTE,BARAÚNA,Caatinga
 1736464617 ,fe1406f0-93a4-3523-a39b-12728d6bc0ee,   -6.482100 ,  -38.298740 ,2024-12-12 16:47:00,Brasil,RIO GRANDE DO NORTE,PARANÁ,Caatinga
 1736464666 ,5465de44-8458-3768-acd7-5a01b6655a73,   -5.304500 ,  -35.741980 ,2024-12-12 16:47:00,Brasil,RIO GRANDE DO NORTE,TOUROS,Caatinga
 1736464679 ,75a24323-0ce5-3302-8004-44c3546fb568,   -6.104520 ,  -38.430570 ,2024-12-12 16:47:00,Brasil,RIO GRANDE DO NORTE,DOUTOR SEVERIANO,Caatinga
 1736464683 ,9942630e-a161-3275-af3e-adbffd65fc5e,   -5.256510 ,  -35.737090 ,2024-12-12 16:47:00,Brasil,RIO GRANDE DO NORTE,SÃO MIGUEL DO GOSTOSO,Caatinga
 1736464697 ,4d06ebd8-fefd-3bdc-8f37-31844f730f30,   -6.280010 ,  -38.370360 ,2024-12-12 16:47:00,Brasil,RIO GRANDE DO NORTE,RIACHO DE SANTANA,Caatinga
 1736464701 ,470e56f5-4b09-3a93-b0c2-688865500b8a,   -6.269580 ,  -38.371350 ,2024-12-12 16:47:00,Brasil,RIO GRANDE DO NORTE,RIACHO DE SANTANA,Caatinga
 1736464722 ,090492b5-1ae3-3ffe-9bf8-fc2304a33039,   -5.980340 ,  -38.063610 ,2024-12-12 16:47:00,Brasil,RIO GRANDE DO NORTE,TABOLEIRO GRANDE,Caatinga
 1736464744 ,5d4cf6c9-24fa-3bf6-b87e-de26fbfd1c7b,   -5.437830 ,  -35.652480 ,2024-12-12 16:47:00,Brasil,RIO GRANDE DO NORTE,PUREZA,Caatinga
 1736464746 ,299492de-2207-39b3-9872-0398ba50074d,   -5.819500 ,  -35.538280 ,2024-12-12 16:47:00,Brasil,RIO GRANDE DO NORTE,IELMO MARINHO,Caatinga
 1736464752 ,b823a890-a8ad-38e0-b33a-fa9be5efc3d1,   -4.938520 ,  -37.570660 ,2024-12-12 16:47:00,Brasil,RIO GRANDE DO NORTE,BARAÚNA,Caatinga
 1736464813 ,d7d3553f-b10c-3335-b098-a42bdaf04d87,   -5.418650 ,  -37.847430 ,2024-12-12 16:47:00,Brasil,RIO GRANDE DO NORTE,APODI,Caatinga
 1736464828 ,a718035a-54cc-3257-a655-bb4182fc47ca,   -6.210890 ,  -38.386440 ,2024-12-12 16:47:00,Brasil,RIO GRANDE DO NORTE,CORONEL JOÃO PESSOA,Caatinga
 1736464851 ,d4947f58-6b77-3d98-99dc-19f4bb7ce452,   -5.420210 ,  -37.858570 ,2024-12-12 16:47:00,Brasil,RIO GRANDE DO NORTE,APODI,Caatinga
 1736464898 ,51764812-341b-3198-986c-62a2016363df,   -6.014770 ,  -37.159300 ,2024-12-12 16:47:00,Brasil,RIO GRANDE DO NORTE,JUCURUTU,Caatinga
 1736465006 ,a3ddf848-ec66-38dc-99e3-9496bd495198,   -6.334150 ,  -38.483170 ,2024-12-12 16:47:00,Brasil,RIO GRANDE DO NORTE,VENHA-VER,Caatinga
 1736465007 ,0bad51b1-5f37-31bc-8d1a-7baef07598ee,   -4.927410 ,  -37.561490 ,2024-12-12 16:47:00,Brasil,RIO GRANDE DO NORTE,BARAÚNA,Caatinga
 1736610591 ,92bffcf8-543a-3487-bc02-5dd34d21612f,   -6.182150 ,  -38.424520 ,2024-12-13 17:26:00,Brasil,RIO GRANDE DO NORTE,SÃO MIGUEL,Caatinga
 1736610840 ,f3733057-743d-3c43-aeb6-1aecb297d196,   -5.437280 ,  -37.861130 ,2024-12-13 17:26:00,Brasil,RIO GRANDE DO NORTE,APODI,Caatinga
 1736611059 ,aa6ecef7-420e-3d6a-a502-1946feade946,   -6.191080 ,  -38.481330 ,2024-12-13 17:26:00,Brasil,RIO GRANDE DO NORTE,SÃO MIGUEL,Caatinga
 1736611109 ,0a8287ad-c57b-329b-9adb-da2ca7b6d148,   -6.188160 ,  -38.462750 ,2024-12-13 17:26:00,Brasil,RIO GRANDE DO NORTE,SÃO MIGUEL,Caatinga
 1736773892 ,46272d28-7b27-3559-a5dd-9b1ac54f2484,   -5.995090 ,  -38.143260 ,2024-12-14 16:28:00,Brasil,RIO GRANDE DO NORTE,FRANCISCO DANTAS,Caatinga
 1737230086 ,23956db6-ef08-3948-b833-3e977471285c,   -6.266510 ,  -37.824180 ,2024-12-17 16:49:00,Brasil,RIO GRANDE DO NORTE,JOÃO DIAS,Caatinga
 1737230196 ,80cdc805-e689-386b-ae67-5559d94d5af5,   -6.461970 ,  -36.808910 ,2024-12-17 16:49:00,Brasil,RIO GRANDE DO NORTE,SÃO JOSÉ DO SERIDÓ,Caatinga
 1737230243 ,9622b956-2816-38ad-9d50-0e5a819a1c67,   -6.394720 ,  -38.154660 ,2024-12-17 16:49:00,Brasil,RIO GRANDE DO NORTE,TENENTE ANANIAS,Caatinga
 1737230245 ,4cc3c58a-aa3d-3563-b7b9-87b0afe7541d,   -6.315990 ,  -38.542850 ,2024-12-17 16:49:00,Brasil,RIO GRANDE DO NORTE,VENHA-VER,Caatinga
 1737230402 ,949a3e20-59f4-356f-bdb5-d8f31e6da106,   -5.187290 ,  -36.853330 ,2024-12-17 16:49:00,Brasil,RIO GRANDE DO NORTE,CARNAUBAIS,Caatinga
 1737230675 ,1b30258d-2800-3524-ac20-a90e70bc0048,   -6.470740 ,  -35.330260 ,2024-12-17 16:49:00,Brasil,RIO GRANDE DO NORTE,NOVA CRUZ,Caatinga
 1737230690 ,1033d0eb-4b04-3384-bb34-abf1f3d27416,   -5.415980 ,  -36.783060 ,2024-12-17 16:49:00,Brasil,RIO GRANDE DO NORTE,AFONSO BEZERRA,Caatinga
 1737550122 ,c3d590df-2060-3401-ba3e-05e716393cb4,   -5.208570 ,  -37.081600 ,2024-12-19 16:30:00,Brasil,RIO GRANDE DO NORTE,SERRA DO MEL,Caatinga
 1737720040 ,0b891d51-5b53-3ffb-bdfd-2a401b66ea4a,   -5.670830 ,  -35.795570 ,2024-12-20 17:09:00,Brasil,RIO GRANDE DO NORTE,BENTO FERNANDES,Caatinga
 1737720119 ,04ad33de-802e-37da-8b15-b38e84b18b4f,   -6.240910 ,  -38.457250 ,2024-12-20 17:09:00,Brasil,RIO GRANDE DO NORTE,CORONEL JOÃO PESSOA,Caatinga
 1737720132 ,a92c6875-cd06-30c5-b8a8-5132f43d7590,   -5.315050 ,  -35.733260 ,2024-12-20 17:09:00,Brasil,RIO GRANDE DO NORTE,TOUROS,Caatinga
 1737720277 ,a7948433-104b-3e93-99ae-25b548d7006b,   -6.107090 ,  -38.421950 ,2024-12-20 17:09:00,Brasil,RIO GRANDE DO NORTE,DOUTOR SEVERIANO,Caatinga
 1737720285 ,7592c759-dedd-36a4-b846-fde3f6cfbacf,   -5.364160 ,  -36.874230 ,2024-12-20 17:09:00,Brasil,RIO GRANDE DO NORTE,CARNAUBAIS,Caatinga
 1737720344 ,ab38e6b2-7fd3-38f1-bc44-be982e355879,   -5.317210 ,  -35.747390 ,2024-12-20 17:09:00,Brasil,RIO GRANDE DO NORTE,TOUROS,Caatinga
 1737720399 ,a7b8aee4-a72c-3ce2-9e12-8a1bd8bdb2e2,   -5.185900 ,  -37.582730 ,2024-12-20 17:09:00,Brasil,RIO GRANDE DO NORTE,BARAÚNA,Caatinga
 1737720532 ,1da8b3e4-4c48-3596-a43f-22c05c039b0d,   -5.187520 ,  -37.593390 ,2024-12-20 17:09:00,Brasil,RIO GRANDE DO NORTE,BARAÚNA,Caatinga
 1737720581 ,ed36c9a1-f33d-3bbf-8daa-22324682780e,   -5.365950 ,  -36.885940 ,2024-12-20 17:09:00,Brasil,RIO GRANDE DO NORTE,CARNAUBAIS,Caatinga
 1737720595 ,fc7e6914-93e6-3a4b-92c3-e5273d51796e,   -5.613750 ,  -37.969850 ,2024-12-20 17:09:00,Brasil,RIO GRANDE DO NORTE,APODI,Caatinga
 1738028904 ,69502b3d-ba04-387a-92ce-a2bed4255af4,   -5.387930 ,  -37.738920 ,2024-12-22 16:49:00,Brasil,RIO GRANDE DO NORTE,APODI,Caatinga
 1738028941 ,cd0e74c2-fe0f-345d-8cf8-293986125342,   -6.151840 ,  -36.681420 ,2024-12-22 16:49:00,Brasil,RIO GRANDE DO NORTE,SÃO VICENTE,Caatinga
 1738028975 ,cedd5d7a-cfdd-3b4b-b063-21acd1254295,   -6.046990 ,  -38.009010 ,2024-12-22 16:49:00,Brasil,RIO GRANDE DO NORTE,PORTALEGRE,Caatinga
 1738029026 ,4061f29d-e839-38ef-ba8a-177525c71b3d,   -6.101970 ,  -38.393770 ,2024-12-22 16:49:00,Brasil,RIO GRANDE DO NORTE,DOUTOR SEVERIANO,Caatinga
 1738029083 ,dcb83916-5cee-3a44-b3eb-59a166d5ebce,   -5.372940 ,  -37.736270 ,2024-12-22 16:49:00,Brasil,RIO GRANDE DO NORTE,APODI,Caatinga
 1738029098 ,eec3943e-a3f1-3fe1-a6ad-7b1045ec65e9,   -6.093530 ,  -38.405590 ,2024-12-22 16:49:00,Brasil,RIO GRANDE DO NORTE,DOUTOR SEVERIANO,Caatinga
 1738029106 ,e42d3bbf-5b01-3d11-b00c-526d38185b11,   -6.103530 ,  -38.404720 ,2024-12-22 16:49:00,Brasil,RIO GRANDE DO NORTE,DOUTOR SEVERIANO,Caatinga
 1738029109 ,0e4cd5be-b1e3-3a85-be94-92f172f2d530,   -5.923520 ,  -38.132890 ,2024-12-22 16:49:00,Brasil,RIO GRANDE DO NORTE,RODOLFO FERNANDES,Caatinga
 1738180159 ,9338fb3a-a026-33dc-9c75-e4e44c282be3,   -6.543310 ,  -37.412930 ,2024-12-23 17:28:00,Brasil,RIO GRANDE DO NORTE,SERRA NEGRA DO NORTE,Caatinga
 1738182676 ,26beb088-b379-30a0-942d-bdaeaf871630,   -5.394350 ,  -37.784230 ,2024-12-23 17:30:00,Brasil,RIO GRANDE DO NORTE,APODI,Caatinga
 1738182743 ,8c2a0b17-6708-312c-b1e9-ead6d7f8c812,   -5.404420 ,  -37.757340 ,2024-12-23 17:30:00,Brasil,RIO GRANDE DO NORTE,APODI,Caatinga
 1738182765 ,88f0525c-fec7-32c5-9b8d-4aab6d6674d2,   -5.383450 ,  -37.740720 ,2024-12-23 17:30:00,Brasil,RIO GRANDE DO NORTE,APODI,Caatinga
 1738182990 ,47b4aafd-8756-331a-95ec-6ff9beb1c119,   -5.390360 ,  -37.759670 ,2024-12-23 17:30:00,Brasil,RIO GRANDE DO NORTE,APODI,Caatinga
 1738183025 ,f5626fad-eedc-325f-ab5e-f68bfd535b9c,   -5.408390 ,  -37.781960 ,2024-12-23 17:30:00,Brasil,RIO GRANDE DO NORTE,APODI,Caatinga
 1738183083 ,4a134da9-caa6-3a3f-bf30-aa0886474369,   -5.386360 ,  -37.735040 ,2024-12-23 17:30:00,Brasil,RIO GRANDE DO NORTE,APODI,Caatinga
 1738183096 ,888e574f-d040-311d-b2f7-bd6c52511fa8,   -5.400450 ,  -37.732700 ,2024-12-23 17:30:00,Brasil,RIO GRANDE DO NORTE,APODI,Caatinga
 1738183127 ,d57d2429-bc35-34b0-ab08-05858575cdfd,   -5.387270 ,  -37.765380 ,2024-12-23 17:30:00,Brasil,RIO GRANDE DO NORTE,APODI,Caatinga
 1738183150 ,0eb37ac3-aae0-3295-bfb8-469b47d2aa09,   -5.353190 ,  -35.806950 ,2024-12-23 17:30:00,Brasil,RIO GRANDE DO NORTE,TOUROS,Caatinga
 1738183167 ,6dfdfb78-e2ad-3bf8-bb80-b756967a1fba,   -5.344110 ,  -35.800730 ,2024-12-23 17:30:00,Brasil,RIO GRANDE DO NORTE,TOUROS,Caatinga
 1738322326 ,eb18eefd-faed-3c90-8040-6f68774d6369,   -5.033830 ,  -37.334340 ,2024-12-24 16:32:00,Brasil,RIO GRANDE DO NORTE,MOSSORÓ,Caatinga
 1738322338 ,bb47fa94-880d-346a-978b-892a62b1cd16,   -5.200970 ,  -37.306340 ,2024-12-24 16:32:00,Brasil,RIO GRANDE DO NORTE,MOSSORÓ,Caatinga
 1738322426 ,6c1dc72a-2900-3666-9b4b-fe8f9ff00d7a,   -5.033100 ,  -37.320450 ,2024-12-24 16:32:00,Brasil,RIO GRANDE DO NORTE,MOSSORÓ,Caatinga
 1738443616 ,63d622cb-6218-3d64-8808-674e781e113f,   -5.508820 ,  -35.518490 ,2024-12-25 17:09:00,Brasil,RIO GRANDE DO NORTE,TAIPU,Caatinga
 1738443623 ,dc948b07-a9db-3cb2-bea3-c93ad17db186,   -6.351600 ,  -36.181690 ,2024-12-25 17:09:00,Brasil,RIO GRANDE DO NORTE,CORONEL EZEQUIEL,Caatinga
 1738443642 ,ce7849d5-4080-3952-a9cf-b9636b419e43,   -5.979270 ,  -35.287530 ,2024-12-25 17:09:00,Brasil,RIO GRANDE DO NORTE,SÃO JOSÉ DE MIPIBU,Mata Atlântica
 1738443686 ,2981aa28-40c0-3481-878a-6bb57c29bd96,   -5.507850 ,  -35.509860 ,2024-12-25 17:09:00,Brasil,RIO GRANDE DO NORTE,TAIPU,Caatinga
 1738443687 ,db99b4d7-c2b5-3f2d-b0a7-64ab06991503,   -5.510140 ,  -35.525060 ,2024-12-25 17:09:00,Brasil,RIO GRANDE DO NORTE,TAIPU,Caatinga
 1738443704 ,3334927c-fe01-37d5-ae79-08c0f8905a69,   -6.516350 ,  -37.386880 ,2024-12-25 17:09:00,Brasil,RIO GRANDE DO NORTE,SERRA NEGRA DO NORTE,Caatinga
 1738443706 ,923a9fc6-7207-380f-ab35-49efa8859d6d,   -5.371190 ,  -37.742310 ,2024-12-25 17:11:00,Brasil,RIO GRANDE DO NORTE,APODI,Caatinga
 1738443905 ,8e20d2a0-0f4d-3ab4-98ea-0c7a15f80747,   -5.520230 ,  -35.516820 ,2024-12-25 17:09:00,Brasil,RIO GRANDE DO NORTE,TAIPU,Caatinga
 1738729948 ,261ba239-153a-3a34-8aa6-c0139e0f552c,   -5.404060 ,  -37.740050 ,2024-12-27 16:52:00,Brasil,RIO GRANDE DO NORTE,APODI,Caatinga
 1738729967 ,3b627c31-c396-34ff-9fd2-3a37042b38fa,   -5.183910 ,  -35.578040 ,2024-12-27 16:52:00,Brasil,RIO GRANDE DO NORTE,TOUROS,Caatinga
 1738730008 ,7bb5de95-b521-3761-9167-2be11ac1ade7,   -5.194020 ,  -35.585540 ,2024-12-27 16:52:00,Brasil,RIO GRANDE DO NORTE,TOUROS,Caatinga
 1738730020 ,4e018636-aac0-3f48-a942-bf1f5733f68f,   -5.182620 ,  -35.569230 ,2024-12-27 16:52:00,Brasil,RIO GRANDE DO NORTE,TOUROS,Caatinga
 1738730179 ,485e7b24-0f5d-36bf-a88f-5c3611c8b9f1,   -5.678470 ,  -37.662640 ,2024-12-27 16:52:00,Brasil,RIO GRANDE DO NORTE,CARAÚBAS,Caatinga
 1738730269 ,7a9647c2-7ede-3f8d-bbae-5bf6f0b53a94,   -4.899630 ,  -37.439650 ,2024-12-27 16:52:00,Brasil,RIO GRANDE DO NORTE,MOSSORÓ,Caatinga
 1739096823 ,305714b7-cfb6-35d6-8ae5-f000553d1a99,   -5.426970 ,  -37.745960 ,2024-12-29 16:34:00,Brasil,RIO GRANDE DO NORTE,APODI,Caatinga
 1739312963 ,cb836a5e-f7bf-31bf-865a-b3d303575681,   -5.210860 ,  -35.618070 ,2024-12-30 17:11:00,Brasil,RIO GRANDE DO NORTE,TOUROS,Caatinga
 1739313062 ,7b25365a-91fd-3b9b-9077-c8d4a1d36d63,   -5.550340 ,  -35.731720 ,2024-12-30 17:11:00,Brasil,RIO GRANDE DO NORTE,POÇO BRANCO,Caatinga
 1739313125 ,2016c9ea-ca48-3aa1-965b-d941eb498dd9,   -6.323130 ,  -38.474740 ,2024-12-30 17:11:00,Brasil,RIO GRANDE DO NORTE,VENHA-VER,Caatinga
 1739313225 ,d55fa4a2-3645-3006-b70e-bcf6e0e68552,   -5.213340 ,  -35.633960 ,2024-12-30 17:11:00,Brasil,RIO GRANDE DO NORTE,TOUROS,Caatinga
 1739313285 ,d1f097a4-34b5-34bd-bdd6-0c6d25b79459,   -6.160530 ,  -35.799000 ,2024-12-30 17:11:00,Brasil,RIO GRANDE DO NORTE,TANGARÁ,Caatinga
 1739313314 ,18220ff9-fa87-3485-bd91-3f2629b2c0fb,   -6.321670 ,  -38.464950 ,2024-12-30 17:11:00,Brasil,RIO GRANDE DO NORTE,VENHA-VER,Caatinga
